{"type":"FeatureCollection","features":[{"type":"Feature","geometry":{"type":"MultiPolygon","coordinates":[[[[-100.052,25.7032],[-100.0474,25.7027],[-100.0424,25.7021],[-100.0382,25.7002],[-100.0378,25.7],[-100.0374,25.7],[-100.0372,25.6999],[-100.0366,25.6995],[-100.0365,25.6993],[-100.0365,25.6992],[-100.039,25.6953],[-100.0391,25.6953],[-100.0252,25.6938],[-100.0191,25.6931],[-100.0161,25.6928],[-100.0156,25.6927],[-100.0155,25.6927],[-100.015,25.6926],[-100.012,25.6923],[-100.011,25.6922],[-100.0105,25.6922],[-100.0095,25.692],[-100.009,25.692],[-100.0085,25.6919],[-100.008,25.6919],[-100.0075,25.6918],[-100.006,25.6917],[-100.0055,25.6916],[-100.0049,25.6915],[-100.0047,25.6915],[-100.0041,25.6915],[-100.0036,25.6914],[-100.0017,25.6912],[-100.0017,25.6912],[-99.9983,25.6908],[-99.9979,25.6914],[-99.9977,25.6918],[-99.9977,25.6917],[-99.996,25.6909],[-99.9944,25.6892],[-99.9943,25.6891],[-99.9972,25.6864],[-99.9973,25.6862],[-99.9975,25.6861],[-99.9982,25.6832],[-99.9976,25.6831],[-99.9963,25.6845],[-99.9956,25.6845],[-99.995,25.6841],[-99.9932,25.6845],[-99.9929,25.6831],[-99.9901,25.6823],[-99.9903,25.682],[-99.9904,25.6818],[-99.9941,25.6793],[-99.9981,25.6743],[-99.9995,25.6726],[-100.0009,25.6709],[-100.0013,25.6704],[-100.0021,25.6691],[-100.0033,25.6671],[-100.0036,25.6668],[-100.0035,25.6668],[-99.9962,25.6665],[-99.9983,25.6642],[-100.0001,25.6622],[-100.0024,25.6596],[-100.0041,25.6577],[-100.0062,25.6554],[-100.0087,25.6525],[-100.009,25.6522],[-100.0161,25.6531],[-100.0161,25.6531],[-100.0232,25.654],[-100.0233,25.6541],[-100.0276,25.6542],[-100.0297,25.6542],[-100.0464,25.6577],[-100.0466,25.6577],[-100.0559,25.6614],[-100.0591,25.658],[-100.0643,25.6526],[-100.0649,25.6529],[-100.0656,25.6533],[-100.0659,25.6529],[-100.066,25.6527],[-100.0543,25.6459],[-100.0467,25.6414],[-100.0429,25.6392],[-100.0402,25.6377],[-100.0409,25.6316],[-100.0409,25.6312],[-100.0417,25.6256],[-100.042,25.622],[-100.0422,25.6211],[-100.0424,25.6201],[-100.0424,25.6201],[-100.0438,25.621],[-100.0449,25.6216],[-100.0458,25.622],[-100.0467,25.6225],[-100.0478,25.6231],[-100.0483,25.6235],[-100.0496,25.6246],[-100.0525,25.6266],[-100.0531,25.6268],[-100.0543,25.6273],[-100.0549,25.6276],[-100.0558,25.6281],[-100.056,25.628],[-100.0563,25.6278],[-100.0564,25.6277],[-100.0566,25.6275],[-100.0569,25.6271],[-100.057,25.6269],[-100.0571,25.6265],[-100.0572,25.6261],[-100.0572,25.6256],[-100.0572,25.6253],[-100.0572,25.6251],[-100.0572,25.6249],[-100.0571,25.6246],[-100.057,25.6244],[-100.0569,25.6241],[-100.0567,25.6237],[-100.0565,25.6234],[-100.0562,25.623],[-100.0563,25.6226],[-100.0565,25.6224],[-100.0568,25.6223],[-100.0574,25.6221],[-100.0579,25.6218],[-100.0583,25.6214],[-100.0585,25.6209],[-100.0588,25.6199],[-100.059,25.6191],[-100.059,25.6191],[-100.0593,25.6184],[-100.0597,25.6179],[-100.0602,25.6171],[-100.0604,25.6166],[-100.0609,25.6156],[-100.0619,25.6135],[-100.0625,25.6123],[-100.0626,25.6121],[-100.0626,25.612],[-100.0626,25.6118],[-100.0627,25.6116],[-100.0627,25.6116],[-100.0628,25.6114],[-100.0631,25.6113],[-100.0636,25.6111],[-100.0642,25.6109],[-100.0646,25.6108],[-100.0647,25.6108],[-100.0651,25.6108],[-100.0655,25.6108],[-100.066,25.6108],[-100.0664,25.6108],[-100.067,25.611],[-100.0674,25.6111],[-100.0678,25.6112],[-100.0682,25.6113],[-100.0684,25.6112],[-100.0688,25.6112],[-100.0691,25.6111],[-100.0697,25.6109],[-100.0703,25.6107],[-100.0709,25.6105],[-100.0715,25.6101],[-100.072,25.6099],[-100.0722,25.6098],[-100.0725,25.6098],[-100.0726,25.6099],[-100.0729,25.61],[-100.0732,25.6101],[-100.0735,25.6102],[-100.0738,25.6103],[-100.074,25.6103],[-100.0743,25.6103],[-100.0745,25.6102],[-100.0747,25.6101],[-100.0749,25.6099],[-100.0753,25.6095],[-100.0758,25.6089],[-100.0759,25.6088],[-100.0762,25.6087],[-100.0764,25.6085],[-100.0766,25.6084],[-100.0769,25.6081],[-100.0769,25.6081],[-100.0771,25.608],[-100.0774,25.6077],[-100.0775,25.6075],[-100.0776,25.6074],[-100.0777,25.6073],[-100.0781,25.607],[-100.0783,25.6067],[-100.0786,25.6064],[-100.0794,25.6057],[-100.0795,25.6054],[-100.0797,25.6053],[-100.0801,25.6052],[-100.0804,25.6051],[-100.0807,25.6051],[-100.081,25.6051],[-100.081,25.6051],[-100.0814,25.6051],[-100.0816,25.6052],[-100.0818,25.6053],[-100.082,25.6054],[-100.0822,25.6056],[-100.0827,25.606],[-100.0832,25.6064],[-100.0835,25.6066],[-100.0837,25.6068],[-100.0839,25.6069],[-100.0842,25.6069],[-100.0847,25.607],[-100.0851,25.607],[-100.0854,25.607],[-100.0856,25.607],[-100.0858,25.6069],[-100.0859,25.6067],[-100.0861,25.6065],[-100.0861,25.6065],[-100.0862,25.6064],[-100.0863,25.6063],[-100.0863,25.6061],[-100.0864,25.6058],[-100.0863,25.6053],[-100.0862,25.6047],[-100.0861,25.6044],[-100.0861,25.6043],[-100.0861,25.6042],[-100.086,25.6039],[-100.0859,25.6035],[-100.0858,25.6033],[-100.0858,25.603],[-100.086,25.6026],[-100.0863,25.6019],[-100.0866,25.6014],[-100.087,25.601],[-100.0875,25.6006],[-100.0877,25.6004],[-100.0879,25.6003],[-100.0887,25.5999],[-100.0893,25.5996],[-100.0897,25.5995],[-100.0899,25.5995],[-100.0903,25.5995],[-100.0911,25.5994],[-100.0917,25.5994],[-100.0923,25.5994],[-100.0923,25.5992],[-100.0926,25.5982],[-100.0942,25.5983],[-100.097,25.5943],[-100.0992,25.5916],[-100.102,25.5877],[-100.1044,25.5845],[-100.0971,25.5778],[-100.0905,25.5717],[-100.0919,25.5705],[-100.0985,25.5766],[-100.1018,25.5736],[-100.0979,25.5699],[-100.1018,25.5661],[-100.0958,25.5606],[-100.0969,25.5597],[-100.1068,25.5687],[-100.1107,25.5648],[-100.1096,25.5637],[-100.1057,25.5602],[-100.1042,25.5589],[-100.0912,25.5468],[-100.0869,25.5428],[-100.0859,25.5418],[-100.0858,25.5417],[-100.0857,25.5417],[-100.0857,25.5417],[-100.0856,25.5416],[-100.0833,25.5395],[-100.0832,25.5394],[-100.0773,25.5339],[-100.0773,25.5339],[-100.0735,25.5373],[-100.0731,25.5375],[-100.0731,25.5376],[-100.0731,25.5376],[-100.075,25.5393],[-100.075,25.5393],[-100.0739,25.5403],[-100.0739,25.5402],[-100.0674,25.5342],[-100.0658,25.5327],[-100.0657,25.5327],[-100.0657,25.5326],[-100.0654,25.5324],[-100.0653,25.5323],[-100.0652,25.5322],[-100.065,25.532],[-100.0647,25.5317],[-100.0646,25.5316],[-100.0644,25.5315],[-100.0636,25.5308],[-100.0634,25.5305],[-100.0633,25.5304],[-100.0629,25.5301],[-100.0629,25.5301],[-100.0629,25.53],[-100.0621,25.5293],[-100.062,25.5292],[-100.0616,25.5289],[-100.0615,25.5288],[-100.0615,25.5288],[-100.0608,25.5281],[-100.0557,25.5234],[-100.049,25.5173],[-100.0501,25.5163],[-100.0506,25.5167],[-100.0513,25.5174],[-100.0514,25.5175],[-100.0526,25.5186],[-100.0553,25.5211],[-100.0572,25.5191],[-100.0591,25.5171],[-100.0599,25.5178],[-100.0606,25.5172],[-100.0594,25.5162],[-100.0593,25.5158],[-100.0606,25.5152],[-100.0668,25.5208],[-100.067,25.5208],[-100.0673,25.5207],[-100.0677,25.5205],[-100.0679,25.5205],[-100.068,25.5205],[-100.0682,25.5206],[-100.0683,25.5207],[-100.0684,25.5208],[-100.0681,25.5218],[-100.068,25.522],[-100.0681,25.5221],[-100.0684,25.5224],[-100.0684,25.5224],[-100.0719,25.5256],[-100.0719,25.5256],[-100.0725,25.5252],[-100.0725,25.5252],[-100.073,25.5248],[-100.0731,25.5248],[-100.0732,25.5247],[-100.0741,25.5242],[-100.0744,25.524],[-100.0746,25.5239],[-100.0746,25.5239],[-100.0746,25.5239],[-100.0753,25.5236],[-100.0756,25.5235],[-100.0759,25.5234],[-100.0747,25.5223],[-100.0737,25.5214],[-100.0737,25.5214],[-100.0734,25.5211],[-100.0734,25.5211],[-100.0734,25.5211],[-100.0734,25.5211],[-100.0734,25.521],[-100.0741,25.5205],[-100.0741,25.5205],[-100.0741,25.5205],[-100.0741,25.5205],[-100.0745,25.5202],[-100.0745,25.5202],[-100.0765,25.5186],[-100.0766,25.5186],[-100.0766,25.5185],[-100.077,25.5181],[-100.077,25.5181],[-100.077,25.5181],[-100.0774,25.5181],[-100.0776,25.5181],[-100.0792,25.5182],[-100.0804,25.5182],[-100.0811,25.5183],[-100.0812,25.5183],[-100.0809,25.5168],[-100.0806,25.5154],[-100.0807,25.5153],[-100.0807,25.5153],[-100.0815,25.5153],[-100.0822,25.5153],[-100.0825,25.5153],[-100.0825,25.515],[-100.0827,25.5147],[-100.083,25.5146],[-100.0834,25.5148],[-100.0839,25.5151],[-100.0841,25.5151],[-100.0843,25.5151],[-100.0848,25.5143],[-100.0857,25.5138],[-100.0865,25.5139],[-100.087,25.513],[-100.0873,25.5129],[-100.0875,25.5127],[-100.0873,25.5124],[-100.088,25.5121],[-100.0882,25.5127],[-100.0879,25.5131],[-100.0916,25.5136],[-100.0918,25.5136],[-100.0918,25.5137],[-100.0919,25.5138],[-100.0919,25.5139],[-100.0919,25.514],[-100.092,25.5141],[-100.092,25.5141],[-100.0922,25.5142],[-100.0923,25.5142],[-100.0926,25.5142],[-100.0931,25.5143],[-100.0934,25.5143],[-100.0936,25.5143],[-100.0938,25.5144],[-100.0941,25.5147],[-100.0946,25.5153],[-100.0949,25.5154],[-100.0951,25.5155],[-100.0953,25.5155],[-100.0967,25.5153],[-100.0974,25.515],[-100.0987,25.5143],[-100.0988,25.5143],[-100.099,25.5143],[-100.0993,25.5143],[-100.0996,25.5143],[-100.0998,25.5142],[-100.1,25.5141],[-100.1007,25.5139],[-100.101,25.5139],[-100.1014,25.5139],[-100.1016,25.5139],[-100.1018,25.514],[-100.1019,25.5141],[-100.1021,25.5144],[-100.1022,25.5145],[-100.1023,25.5147],[-100.1023,25.5148],[-100.1024,25.5149],[-100.1025,25.5149],[-100.1027,25.515],[-100.1027,25.515],[-100.1027,25.5152],[-100.1029,25.5154],[-100.1031,25.5156],[-100.1034,25.5161],[-100.1034,25.5162],[-100.1035,25.5163],[-100.1036,25.5163],[-100.1039,25.5163],[-100.1041,25.5164],[-100.1043,25.5164],[-100.1045,25.5165],[-100.1047,25.5166],[-100.105,25.5167],[-100.1052,25.5167],[-100.1054,25.5167],[-100.1066,25.5166],[-100.107,25.5166],[-100.1071,25.5166],[-100.1071,25.5168],[-100.1071,25.5171],[-100.1071,25.5177],[-100.1072,25.5182],[-100.1073,25.5187],[-100.1074,25.5189],[-100.1075,25.5191],[-100.1082,25.5201],[-100.1087,25.5207],[-100.1093,25.5215],[-100.1096,25.5218],[-100.1098,25.522],[-100.11,25.5222],[-100.1102,25.5226],[-100.1105,25.523],[-100.1106,25.5232],[-100.1109,25.5238],[-100.1113,25.5242],[-100.1114,25.5243],[-100.1114,25.5243],[-100.1116,25.5239],[-100.1121,25.524],[-100.1132,25.5237],[-100.1135,25.5236],[-100.1136,25.5237],[-100.1139,25.524],[-100.114,25.5242],[-100.1141,25.5244],[-100.1146,25.5249],[-100.1149,25.5253],[-100.115,25.5254],[-100.115,25.5254],[-100.1151,25.5255],[-100.1152,25.5255],[-100.1152,25.5255],[-100.1161,25.525],[-100.1163,25.5248],[-100.1172,25.5243],[-100.1176,25.5241],[-100.1177,25.5239],[-100.1178,25.5238],[-100.1184,25.5235],[-100.1191,25.5231],[-100.1197,25.5228],[-100.1197,25.5227],[-100.1201,25.5221],[-100.1201,25.5221],[-100.1201,25.522],[-100.1201,25.522],[-100.1201,25.522],[-100.1203,25.522],[-100.1204,25.522],[-100.1205,25.5219],[-100.1205,25.5219],[-100.1206,25.5219],[-100.1207,25.5219],[-100.1209,25.522],[-100.1214,25.5222],[-100.1215,25.5222],[-100.1215,25.5222],[-100.1216,25.5221],[-100.1217,25.5221],[-100.1218,25.522],[-100.1223,25.5219],[-100.1224,25.5219],[-100.1225,25.5219],[-100.1226,25.5219],[-100.1231,25.5219],[-100.1233,25.522],[-100.1234,25.522],[-100.1234,25.522],[-100.1234,25.522],[-100.1234,25.522],[-100.1234,25.522],[-100.1229,25.5224],[-100.1227,25.5229],[-100.1221,25.5238],[-100.122,25.524],[-100.122,25.5241],[-100.1225,25.5249],[-100.1225,25.5251],[-100.1225,25.5258],[-100.1227,25.5264],[-100.1226,25.5266],[-100.1226,25.5271],[-100.1251,25.5278],[-100.1277,25.5307],[-100.1277,25.5309],[-100.1275,25.5311],[-100.1253,25.5319],[-100.1252,25.532],[-100.1252,25.5321],[-100.1269,25.5334],[-100.1276,25.5335],[-100.1278,25.5336],[-100.1279,25.5338],[-100.1278,25.534],[-100.1276,25.5341],[-100.1273,25.5342],[-100.1273,25.5342],[-100.1272,25.5342],[-100.1272,25.5343],[-100.1271,25.5347],[-100.127,25.5349],[-100.127,25.5349],[-100.127,25.535],[-100.1271,25.535],[-100.1271,25.5351],[-100.1272,25.5351],[-100.1273,25.5351],[-100.1274,25.535],[-100.1275,25.535],[-100.1278,25.535],[-100.128,25.535],[-100.128,25.535],[-100.1281,25.5351],[-100.1281,25.5351],[-100.1282,25.5351],[-100.1283,25.5351],[-100.1283,25.5351],[-100.1284,25.5351],[-100.1284,25.5352],[-100.1285,25.5352],[-100.1285,25.5352],[-100.1286,25.5352],[-100.1287,25.5352],[-100.1288,25.5352],[-100.1289,25.5352],[-100.129,25.5351],[-100.1291,25.5351],[-100.1292,25.5352],[-100.1293,25.5352],[-100.1294,25.5352],[-100.1294,25.5352],[-100.1295,25.5352],[-100.1296,25.5351],[-100.1296,25.5351],[-100.1297,25.5351],[-100.1297,25.5351],[-100.1298,25.5352],[-100.1298,25.5352],[-100.13,25.5354],[-100.1315,25.5357],[-100.1317,25.5355],[-100.1323,25.5351],[-100.1326,25.5351],[-100.1329,25.5353],[-100.1342,25.5366],[-100.1346,25.5366],[-100.1353,25.5365],[-100.1425,25.5334],[-100.1531,25.5268],[-100.1625,25.525],[-100.1627,25.5288],[-100.1643,25.5294],[-100.1647,25.5293],[-100.1652,25.5293],[-100.1658,25.5294],[-100.1693,25.5311],[-100.1698,25.5334],[-100.1712,25.5359],[-100.1736,25.538],[-100.1788,25.5303],[-100.1793,25.5303],[-100.1799,25.5312],[-100.1803,25.5318],[-100.1814,25.5336],[-100.1825,25.5352],[-100.1828,25.5354],[-100.1835,25.5362],[-100.1838,25.5367],[-100.1842,25.5371],[-100.1845,25.5372],[-100.185,25.5377],[-100.1857,25.5387],[-100.1872,25.5392],[-100.1881,25.5396],[-100.1884,25.5397],[-100.1886,25.5401],[-100.1913,25.5431],[-100.1929,25.544],[-100.1936,25.5443],[-100.1953,25.5462],[-100.1977,25.55],[-100.1976,25.5504],[-100.1978,25.5507],[-100.198,25.5509],[-100.1983,25.5511],[-100.199,25.5513],[-100.2,25.5517],[-100.2002,25.5525],[-100.2004,25.553],[-100.2007,25.5533],[-100.2008,25.5542],[-100.2014,25.5556],[-100.2021,25.5564],[-100.2026,25.557],[-100.2039,25.5591],[-100.2042,25.5593],[-100.2047,25.5596],[-100.2053,25.5599],[-100.2055,25.5604],[-100.2057,25.5607],[-100.2057,25.5609],[-100.2057,25.5611],[-100.2055,25.5617],[-100.2055,25.5624],[-100.2056,25.5626],[-100.2061,25.5634],[-100.2068,25.5639],[-100.2074,25.5652],[-100.2087,25.5677],[-100.2098,25.5684],[-100.2128,25.5728],[-100.2133,25.5731],[-100.2131,25.5739],[-100.2133,25.5744],[-100.2135,25.5755],[-100.2137,25.5758],[-100.2143,25.5763],[-100.2147,25.5767],[-100.2155,25.5784],[-100.2163,25.58],[-100.2164,25.5812],[-100.2168,25.5817],[-100.2172,25.5822],[-100.2178,25.583],[-100.2183,25.5833],[-100.2188,25.5834],[-100.219,25.5835],[-100.2191,25.5836],[-100.219,25.5842],[-100.2191,25.5842],[-100.2193,25.5841],[-100.2197,25.5841],[-100.2199,25.5842],[-100.2199,25.5847],[-100.22,25.5849],[-100.2202,25.5852],[-100.2205,25.5855],[-100.2207,25.5858],[-100.2209,25.5861],[-100.2213,25.5865],[-100.2218,25.587],[-100.2221,25.5875],[-100.2224,25.5881],[-100.2227,25.5888],[-100.223,25.5891],[-100.2244,25.5893],[-100.2249,25.5896],[-100.225,25.5898],[-100.2249,25.5912],[-100.225,25.5915],[-100.2253,25.5917],[-100.226,25.5923],[-100.2263,25.593],[-100.227,25.5952],[-100.2276,25.596],[-100.228,25.596],[-100.2284,25.5962],[-100.2287,25.5964],[-100.2289,25.5967],[-100.229,25.5969],[-100.2289,25.5971],[-100.2292,25.5972],[-100.2294,25.5974],[-100.2298,25.5977],[-100.2298,25.5979],[-100.2299,25.5987],[-100.2303,25.5992],[-100.2312,25.6002],[-100.2319,25.6012],[-100.2323,25.6013],[-100.2332,25.6018],[-100.2337,25.6022],[-100.2346,25.6031],[-100.2347,25.6033],[-100.2344,25.6038],[-100.2344,25.6039],[-100.2345,25.604],[-100.2345,25.604],[-100.2347,25.6041],[-100.2351,25.6045],[-100.2361,25.6054],[-100.2363,25.6066],[-100.2361,25.6077],[-100.2367,25.6096],[-100.2378,25.6106],[-100.2392,25.611],[-100.2397,25.6113],[-100.2404,25.6129],[-100.2412,25.6142],[-100.2427,25.6161],[-100.2432,25.617],[-100.2421,25.6248],[-100.2092,25.6231],[-100.2092,25.6231],[-100.2091,25.6215],[-100.2087,25.6208],[-100.1951,25.6295],[-100.1949,25.6297],[-100.1949,25.6297],[-100.1933,25.6307],[-100.1932,25.6307],[-100.1918,25.6316],[-100.1903,25.6325],[-100.1901,25.6327],[-100.19,25.6328],[-100.1891,25.6341],[-100.1885,25.6349],[-100.1885,25.6349],[-100.1886,25.6351],[-100.1886,25.6352],[-100.1886,25.6352],[-100.1886,25.6352],[-100.1885,25.6352],[-100.1877,25.6354],[-100.1875,25.6354],[-100.1875,25.6354],[-100.1874,25.636],[-100.1873,25.6363],[-100.1873,25.6364],[-100.1872,25.6364],[-100.1869,25.6363],[-100.1865,25.6363],[-100.1865,25.6363],[-100.1864,25.6363],[-100.1862,25.6361],[-100.186,25.636],[-100.1856,25.6357],[-100.1855,25.6357],[-100.1851,25.6359],[-100.1851,25.6359],[-100.1847,25.6362],[-100.184,25.6366],[-100.1839,25.6367],[-100.1837,25.6368],[-100.1836,25.6368],[-100.1835,25.6369],[-100.1831,25.6372],[-100.1827,25.6374],[-100.1826,25.6374],[-100.1822,25.6377],[-100.1818,25.638],[-100.1814,25.6382],[-100.1811,25.6384],[-100.181,25.6385],[-100.1808,25.6386],[-100.1807,25.6387],[-100.1807,25.6387],[-100.1807,25.6387],[-100.1803,25.6389],[-100.1803,25.6389],[-100.1802,25.639],[-100.1798,25.6392],[-100.1785,25.6401],[-100.177,25.641],[-100.176,25.6416],[-100.1754,25.642],[-100.1751,25.6421],[-100.1751,25.6421],[-100.1738,25.6429],[-100.1736,25.643],[-100.1736,25.643],[-100.1735,25.6431],[-100.1733,25.6431],[-100.1725,25.6436],[-100.1712,25.6445],[-100.1708,25.6447],[-100.1708,25.6447],[-100.1707,25.6447],[-100.1707,25.6447],[-100.1706,25.6448],[-100.1686,25.646],[-100.1675,25.6468],[-100.1671,25.647],[-100.1652,25.6483],[-100.1651,25.6483],[-100.1646,25.6487],[-100.1644,25.6488],[-100.1641,25.6491],[-100.1636,25.6494],[-100.1635,25.6495],[-100.1632,25.6496],[-100.163,25.6498],[-100.163,25.6498],[-100.1627,25.65],[-100.1626,25.65],[-100.1622,25.6503],[-100.1619,25.6505],[-100.1619,25.6505],[-100.1615,25.6507],[-100.1615,25.6508],[-100.1613,25.6509],[-100.1605,25.6514],[-100.1601,25.6516],[-100.16,25.6517],[-100.1592,25.6522],[-100.1591,25.6522],[-100.159,25.6523],[-100.1578,25.6529],[-100.1566,25.6537],[-100.1566,25.6537],[-100.1566,25.6537],[-100.1566,25.6537],[-100.1501,25.6578],[-100.1498,25.6581],[-100.1492,25.6584],[-100.149,25.6585],[-100.1489,25.6585],[-100.148,25.6591],[-100.1475,25.6594],[-100.1468,25.6599],[-100.1468,25.6599],[-100.1468,25.6599],[-100.145,25.661],[-100.145,25.661],[-100.1448,25.6611],[-100.1448,25.6611],[-100.1446,25.6612],[-100.1446,25.6613],[-100.1442,25.6615],[-100.1442,25.6615],[-100.1442,25.6615],[-100.1431,25.6622],[-100.1427,25.6625],[-100.1427,25.6625],[-100.1427,25.6625],[-100.1424,25.6626],[-100.1418,25.663],[-100.1418,25.663],[-100.1409,25.6636],[-100.1404,25.6639],[-100.1404,25.6639],[-100.1404,25.6639],[-100.1398,25.6643],[-100.1394,25.6645],[-100.1394,25.6645],[-100.1393,25.6646],[-100.1392,25.6646],[-100.1391,25.6647],[-100.1388,25.6649],[-100.1385,25.6651],[-100.1383,25.6652],[-100.1379,25.6655],[-100.1378,25.6655],[-100.1374,25.6657],[-100.1372,25.6659],[-100.1369,25.6661],[-100.1366,25.6663],[-100.1366,25.6663],[-100.1366,25.6663],[-100.1366,25.6663],[-100.1365,25.6663],[-100.1364,25.6664],[-100.1359,25.6667],[-100.1354,25.667],[-100.1353,25.667],[-100.1353,25.667],[-100.1352,25.6671],[-100.1348,25.6673],[-100.1345,25.6675],[-100.1343,25.6676],[-100.1343,25.6677],[-100.134,25.6678],[-100.1334,25.6682],[-100.1332,25.6683],[-100.1328,25.6685],[-100.1323,25.6689],[-100.1321,25.669],[-100.132,25.669],[-100.1319,25.6691],[-100.1319,25.6691],[-100.132,25.6693],[-100.132,25.6693],[-100.1318,25.6695],[-100.1315,25.6697],[-100.1314,25.6698],[-100.1312,25.6699],[-100.1311,25.67],[-100.1309,25.6701],[-100.1304,25.6706],[-100.1303,25.6706],[-100.1301,25.6706],[-100.1296,25.6707],[-100.129,25.6708],[-100.1286,25.6709],[-100.1283,25.671],[-100.1279,25.6711],[-100.1274,25.6711],[-100.1261,25.6716],[-100.1254,25.672],[-100.125,25.6722],[-100.1249,25.6723],[-100.1247,25.6724],[-100.1246,25.6725],[-100.1249,25.6729],[-100.1251,25.6733],[-100.1252,25.6735],[-100.1252,25.6737],[-100.1252,25.6737],[-100.1252,25.674],[-100.1253,25.6742],[-100.1253,25.6744],[-100.1252,25.6748],[-100.1252,25.675],[-100.1252,25.6752],[-100.1252,25.6752],[-100.125,25.6754],[-100.125,25.6755],[-100.1249,25.6758],[-100.1248,25.6759],[-100.1248,25.6759],[-100.1246,25.6763],[-100.1244,25.6767],[-100.1243,25.677],[-100.1235,25.6791],[-100.1217,25.6833],[-100.1217,25.6833],[-100.1218,25.6833],[-100.1218,25.6835],[-100.1218,25.6835],[-100.1211,25.6852],[-100.1209,25.686],[-100.1203,25.6874],[-100.1203,25.6875],[-100.1203,25.6875],[-100.1193,25.6908],[-100.1193,25.6908],[-100.1192,25.691],[-100.1192,25.691],[-100.1191,25.6912],[-100.1186,25.6928],[-100.118,25.6946],[-100.1172,25.6966],[-100.1172,25.6966],[-100.1171,25.6966],[-100.1171,25.6966],[-100.117,25.6966],[-100.117,25.6966],[-100.117,25.6968],[-100.117,25.697],[-100.117,25.697],[-100.1169,25.6976],[-100.1169,25.6976],[-100.1169,25.6978],[-100.1169,25.6978],[-100.1168,25.6986],[-100.1168,25.6986],[-100.1168,25.6986],[-100.1168,25.6988],[-100.1164,25.7032],[-100.1159,25.7031],[-100.1125,25.7025],[-100.1108,25.7022],[-100.1108,25.7022],[-100.1097,25.702],[-100.1076,25.7016],[-100.1068,25.7014],[-100.106,25.7013],[-100.1052,25.7011],[-100.1051,25.7011],[-100.1035,25.7008],[-100.1035,25.7008],[-100.1029,25.7007],[-100.1025,25.7006],[-100.102,25.7005],[-100.1018,25.7005],[-100.101,25.7004],[-100.1001,25.7004],[-100.1001,25.7004],[-100.0983,25.7002],[-100.0981,25.7002],[-100.098,25.7002],[-100.0967,25.7],[-100.0967,25.7],[-100.0962,25.7],[-100.0962,25.7],[-100.0962,25.7],[-100.0943,25.6999],[-100.0943,25.6999],[-100.0943,25.6999],[-100.0942,25.6999],[-100.0941,25.6999],[-100.094,25.6999],[-100.094,25.6999],[-100.094,25.6999],[-100.094,25.6999],[-100.0899,25.6995],[-100.0864,25.6995],[-100.0863,25.6995],[-100.0862,25.6995],[-100.0861,25.6996],[-100.0861,25.6997],[-100.086,25.7001],[-100.0859,25.7002],[-100.0859,25.7003],[-100.0858,25.7004],[-100.0822,25.7003],[-100.0822,25.7004],[-100.0803,25.7004],[-100.0729,25.7005],[-100.0729,25.7007],[-100.0727,25.7008],[-100.0724,25.7008],[-100.0724,25.701],[-100.071,25.6999],[-100.0692,25.6997],[-100.0672,25.7001],[-100.0646,25.6999],[-100.0606,25.6995],[-100.0604,25.6994],[-100.0585,25.6982],[-100.0583,25.6981],[-100.058,25.698],[-100.0564,25.6979],[-100.053,25.6975],[-100.053,25.6981],[-100.0529,25.6995],[-100.0526,25.7028],[-100.0525,25.7033],[-100.052,25.7032]]]]},"properties":{"cveMuni":"19031","nombre":"Juárez"}},{"type":"Feature","geometry":{"type":"MultiPolygon","coordinates":[[[[-100.5069,25.75],[-100.4988,25.744],[-100.4954,25.7405],[-100.4919,25.7388],[-100.488,25.7371],[-100.4837,25.7365],[-100.4816,25.7354],[-100.4791,25.735],[-100.4783,25.734],[-100.4779,25.7333],[-100.478,25.7327],[-100.4766,25.7319],[-100.4748,25.732],[-100.4726,25.7314],[-100.4684,25.7295],[-100.4677,25.729],[-100.467,25.7285],[-100.4664,25.7283],[-100.4651,25.7283],[-100.4631,25.7283],[-100.4617,25.7274],[-100.4605,25.7272],[-100.4596,25.727],[-100.4587,25.727],[-100.4578,25.7266],[-100.4549,25.725],[-100.4548,25.7249],[-100.4537,25.7243],[-100.4526,25.7242],[-100.4509,25.7234],[-100.4493,25.7224],[-100.4483,25.7221],[-100.4478,25.7218],[-100.4469,25.7219],[-100.4463,25.7219],[-100.4459,25.7216],[-100.4456,25.7212],[-100.4454,25.7208],[-100.4451,25.7206],[-100.4445,25.7206],[-100.4442,25.7206],[-100.4439,25.7207],[-100.4436,25.7206],[-100.4434,25.7206],[-100.4432,25.7206],[-100.4429,25.7204],[-100.4423,25.7205],[-100.4416,25.7205],[-100.4413,25.7205],[-100.4403,25.7202],[-100.4395,25.72],[-100.4367,25.7186],[-100.4365,25.7186],[-100.4344,25.7175],[-100.4336,25.7173],[-100.4331,25.7171],[-100.4327,25.717],[-100.4323,25.7167],[-100.4319,25.7163],[-100.4316,25.7164],[-100.4307,25.7161],[-100.4288,25.7158],[-100.4275,25.7157],[-100.4271,25.7143],[-100.4238,25.701],[-100.4225,25.696],[-100.4225,25.6955],[-100.423,25.6952],[-100.4227,25.6952],[-100.4225,25.6952],[-100.4223,25.6952],[-100.4223,25.6951],[-100.4222,25.695],[-100.422,25.695],[-100.4221,25.6946],[-100.4216,25.6945],[-100.4216,25.6945],[-100.4211,25.6942],[-100.421,25.6941],[-100.4208,25.694],[-100.4201,25.6937],[-100.4194,25.6934],[-100.4191,25.6933],[-100.4191,25.6933],[-100.4188,25.6931],[-100.4188,25.693],[-100.419,25.6921],[-100.4189,25.6921],[-100.4188,25.6921],[-100.4187,25.6921],[-100.4186,25.6921],[-100.4186,25.6921],[-100.4185,25.6921],[-100.4184,25.6921],[-100.4184,25.6921],[-100.4184,25.6921],[-100.4183,25.6921],[-100.4182,25.6921],[-100.4181,25.6922],[-100.4176,25.6922],[-100.4176,25.6921],[-100.4175,25.692],[-100.4174,25.6916],[-100.4174,25.6915],[-100.4172,25.6911],[-100.4172,25.6911],[-100.4171,25.6911],[-100.4169,25.6911],[-100.4169,25.6911],[-100.4168,25.6915],[-100.4168,25.6915],[-100.4168,25.6916],[-100.4168,25.6916],[-100.4165,25.6915],[-100.416,25.6913],[-100.416,25.6913],[-100.4162,25.6903],[-100.4162,25.6903],[-100.4162,25.6903],[-100.4163,25.6897],[-100.4165,25.6891],[-100.4166,25.6885],[-100.4167,25.6877],[-100.4168,25.6876],[-100.4168,25.6874],[-100.4169,25.6871],[-100.4169,25.6869],[-100.4169,25.6868],[-100.417,25.6865],[-100.4171,25.6861],[-100.4173,25.6846],[-100.4173,25.6846],[-100.4173,25.6845],[-100.4174,25.6841],[-100.4174,25.6841],[-100.4174,25.6837],[-100.4175,25.6834],[-100.4175,25.6832],[-100.4176,25.6827],[-100.4176,25.6827],[-100.4176,25.6823],[-100.4176,25.6822],[-100.4176,25.6822],[-100.4177,25.6818],[-100.4177,25.6818],[-100.4177,25.6817],[-100.4178,25.6811],[-100.4178,25.6811],[-100.4179,25.6804],[-100.4179,25.6802],[-100.4179,25.6802],[-100.4179,25.68],[-100.418,25.6798],[-100.418,25.6796],[-100.418,25.6796],[-100.418,25.6796],[-100.418,25.6793],[-100.418,25.6788],[-100.418,25.6788],[-100.4182,25.6785],[-100.4183,25.6784],[-100.4184,25.6783],[-100.4184,25.6782],[-100.4186,25.678],[-100.4187,25.6778],[-100.4191,25.6774],[-100.4193,25.6771],[-100.4195,25.6756],[-100.4195,25.6755],[-100.4195,25.6755],[-100.4196,25.6754],[-100.4196,25.6754],[-100.4197,25.6753],[-100.4198,25.6751],[-100.4201,25.6748],[-100.4202,25.6746],[-100.4202,25.6746],[-100.4205,25.6742],[-100.4206,25.6741],[-100.4207,25.674],[-100.4207,25.674],[-100.4204,25.674],[-100.4201,25.6741],[-100.4198,25.6742],[-100.4194,25.6743],[-100.4194,25.6743],[-100.4202,25.6711],[-100.4202,25.6711],[-100.4201,25.6711],[-100.4201,25.6711],[-100.4199,25.6711],[-100.4199,25.6699],[-100.4198,25.6696],[-100.4198,25.6696],[-100.4197,25.6689],[-100.4196,25.6685],[-100.4197,25.6679],[-100.4197,25.6679],[-100.4198,25.6677],[-100.4199,25.6672],[-100.4202,25.6656],[-100.4211,25.6655],[-100.4211,25.6652],[-100.4211,25.6652],[-100.4211,25.6651],[-100.4211,25.6648],[-100.4212,25.6638],[-100.4215,25.6622],[-100.4215,25.6621],[-100.4217,25.6608],[-100.4217,25.6607],[-100.4218,25.6602],[-100.4219,25.6594],[-100.4219,25.6591],[-100.4226,25.6554],[-100.4239,25.6461],[-100.424,25.6442],[-100.4241,25.643],[-100.4244,25.6417],[-100.4249,25.6404],[-100.4257,25.6384],[-100.425,25.6378],[-100.4248,25.6375],[-100.4246,25.6373],[-100.4246,25.6371],[-100.4246,25.6366],[-100.4237,25.636],[-100.4233,25.6357],[-100.4204,25.6344],[-100.4203,25.6343],[-100.42,25.6338],[-100.4199,25.6335],[-100.4197,25.6334],[-100.4195,25.6332],[-100.419,25.6331],[-100.4187,25.633],[-100.4185,25.633],[-100.4183,25.6328],[-100.4178,25.6327],[-100.4176,25.6327],[-100.4174,25.6327],[-100.4166,25.6322],[-100.4165,25.6318],[-100.4123,25.6292],[-100.4104,25.6281],[-100.4093,25.6273],[-100.408,25.6266],[-100.4062,25.6258],[-100.4008,25.623],[-100.3995,25.6223],[-100.3987,25.6221],[-100.3979,25.6219],[-100.3962,25.6213],[-100.3962,25.6209],[-100.396,25.6204],[-100.3918,25.6185],[-100.3917,25.6183],[-100.3919,25.6177],[-100.3916,25.6174],[-100.3889,25.616],[-100.3875,25.6148],[-100.3866,25.6142],[-100.3852,25.6137],[-100.3811,25.6115],[-100.3778,25.6102],[-100.372,25.6072],[-100.3686,25.6054],[-100.3691,25.6048],[-100.3681,25.6039],[-100.3675,25.6035],[-100.3668,25.6034],[-100.3665,25.6033],[-100.3645,25.6015],[-100.3633,25.6007],[-100.3621,25.6],[-100.3617,25.6],[-100.3613,25.5997],[-100.3607,25.5999],[-100.3451,25.5903],[-100.3441,25.5898],[-100.3444,25.5893],[-100.3444,25.5889],[-100.3427,25.5877],[-100.3423,25.5873],[-100.3419,25.587],[-100.342,25.5867],[-100.3421,25.5864],[-100.3419,25.5862],[-100.34,25.5854],[-100.3386,25.5849],[-100.3369,25.583],[-100.3365,25.5821],[-100.3356,25.5813],[-100.3304,25.5786],[-100.3293,25.5768],[-100.3261,25.5758],[-100.3232,25.5749],[-100.3215,25.5748],[-100.3203,25.5742],[-100.3188,25.5731],[-100.3179,25.5724],[-100.317,25.5718],[-100.3165,25.5697],[-100.3178,25.5687],[-100.3184,25.568],[-100.3193,25.5668],[-100.3192,25.5656],[-100.3184,25.564],[-100.3183,25.5636],[-100.3183,25.5628],[-100.3189,25.5613],[-100.3188,25.5608],[-100.3182,25.5605],[-100.3147,25.5589],[-100.3148,25.5583],[-100.3149,25.5576],[-100.3183,25.5475],[-100.3183,25.5472],[-100.3176,25.5469],[-100.3164,25.5469],[-100.3142,25.5458],[-100.3128,25.5437],[-100.3088,25.5419],[-100.3032,25.5393],[-100.2996,25.5362],[-100.2995,25.5357],[-100.3002,25.5343],[-100.3002,25.5334],[-100.2996,25.5328],[-100.2964,25.5302],[-100.2944,25.5289],[-100.2925,25.5298],[-100.2899,25.5298],[-100.2886,25.5292],[-100.288,25.5283],[-100.2879,25.5266],[-100.2878,25.5252],[-100.2866,25.5236],[-100.2854,25.5229],[-100.2781,25.5195],[-100.2762,25.5152],[-100.2756,25.5136],[-100.2746,25.5124],[-100.2722,25.5097],[-100.271,25.5077],[-100.2711,25.506],[-100.2722,25.5054],[-100.2729,25.505],[-100.2734,25.5031],[-100.2734,25.5019],[-100.2725,25.5006],[-100.2704,25.4994],[-100.267,25.4984],[-100.2661,25.4979],[-100.2659,25.4975],[-100.2622,25.4909],[-100.2614,25.4896],[-100.2607,25.4883],[-100.261,25.4878],[-100.2602,25.4856],[-100.2584,25.484],[-100.258,25.4828],[-100.2576,25.4821],[-100.2557,25.4735],[-100.2499,25.4453],[-100.249,25.4441],[-100.2387,25.4295],[-100.2416,25.4284],[-100.2504,25.4251],[-100.2601,25.4223],[-100.2719,25.4193],[-100.2759,25.4199],[-100.2759,25.4202],[-100.2758,25.4205],[-100.2756,25.4211],[-100.2754,25.4215],[-100.2753,25.4219],[-100.2751,25.4224],[-100.2749,25.4228],[-100.2749,25.4232],[-100.275,25.4236],[-100.2751,25.424],[-100.2753,25.4244],[-100.2961,25.4135],[-100.2987,25.4154],[-100.3031,25.4169],[-100.306,25.4177],[-100.3091,25.4189],[-100.3101,25.4212],[-100.3178,25.4237],[-100.3193,25.4245],[-100.3213,25.4257],[-100.3246,25.4295],[-100.3263,25.4303],[-100.3277,25.4306],[-100.3306,25.4304],[-100.3332,25.4313],[-100.3427,25.4354],[-100.3448,25.435],[-100.3452,25.4354],[-100.345,25.4357],[-100.3674,25.4465],[-100.3867,25.4558],[-100.4036,25.469],[-100.4142,25.4514],[-100.4175,25.4519],[-100.4232,25.4445],[-100.4195,25.4422],[-100.4255,25.4358],[-100.4437,25.435],[-100.4577,25.4379],[-100.4658,25.4453],[-100.4694,25.4483],[-100.4708,25.4518],[-100.4721,25.4538],[-100.4771,25.4514],[-100.5002,25.4554],[-100.5309,25.4635],[-100.5451,25.4646],[-100.561,25.4645],[-100.5718,25.4681],[-100.5786,25.4698],[-100.5849,25.4708],[-100.5812,25.4872],[-100.5795,25.4945],[-100.5941,25.4987],[-100.6057,25.5019],[-100.6166,25.505],[-100.6191,25.5057],[-100.6086,25.5134],[-100.5998,25.52],[-100.5967,25.5197],[-100.5297,25.5144],[-100.5384,25.5319],[-100.5442,25.5335],[-100.5483,25.5343],[-100.56,25.5349],[-100.5626,25.536],[-100.5655,25.5367],[-100.5679,25.5375],[-100.5681,25.5376],[-100.5707,25.5382],[-100.5738,25.5392],[-100.576,25.5398],[-100.5779,25.5401],[-100.5806,25.541],[-100.5827,25.5418],[-100.5852,25.5427],[-100.5853,25.5427],[-100.5877,25.5432],[-100.5895,25.5436],[-100.5919,25.5437],[-100.5928,25.544],[-100.5943,25.5444],[-100.5963,25.5445],[-100.5975,25.5442],[-100.5994,25.5441],[-100.5998,25.5441],[-100.6022,25.5437],[-100.6047,25.5433],[-100.6065,25.543],[-100.6086,25.5426],[-100.6102,25.5424],[-100.612,25.542],[-100.613,25.542],[-100.6147,25.5423],[-100.6149,25.5441],[-100.615,25.5454],[-100.615,25.5466],[-100.614,25.5474],[-100.6137,25.5477],[-100.6137,25.5478],[-100.6133,25.5482],[-100.6126,25.5491],[-100.6121,25.5501],[-100.612,25.5514],[-100.6137,25.5531],[-100.6301,25.5686],[-100.6329,25.5713],[-100.636,25.5719],[-100.6395,25.5723],[-100.6409,25.5727],[-100.6443,25.5725],[-100.6461,25.5719],[-100.6488,25.5713],[-100.6513,25.5707],[-100.6526,25.5703],[-100.6537,25.57],[-100.6558,25.569],[-100.6569,25.5685],[-100.6585,25.568],[-100.6601,25.5681],[-100.6618,25.5683],[-100.6629,25.5692],[-100.6643,25.5694],[-100.668,25.5692],[-100.6724,25.5684],[-100.6747,25.568],[-100.6766,25.568],[-100.6773,25.5678],[-100.6783,25.5677],[-100.6796,25.5679],[-100.6805,25.568],[-100.681,25.5682],[-100.6834,25.5678],[-100.6861,25.5675],[-100.6903,25.5671],[-100.7199,25.6031],[-100.7247,25.6198],[-100.7298,25.6339],[-100.7234,25.627],[-100.6999,25.6388],[-100.7091,25.6584],[-100.7091,25.6584],[-100.7088,25.6584],[-100.7087,25.6584],[-100.7056,25.6589],[-100.6957,25.6599],[-100.6846,25.6605],[-100.6757,25.6604],[-100.6695,25.6622],[-100.6532,25.6837],[-100.6501,25.6878],[-100.649,25.6894],[-100.6489,25.6894],[-100.6489,25.6895],[-100.6488,25.6896],[-100.648,25.6907],[-100.6478,25.6909],[-100.6477,25.691],[-100.6473,25.6916],[-100.6467,25.6921],[-100.6462,25.6925],[-100.6458,25.6928],[-100.6456,25.6929],[-100.6454,25.6931],[-100.6453,25.6932],[-100.6447,25.6933],[-100.6435,25.6935],[-100.6423,25.6938],[-100.6351,25.6953],[-100.6321,25.6959],[-100.6278,25.6968],[-100.6276,25.6968],[-100.6264,25.6971],[-100.6263,25.6968],[-100.626,25.6969],[-100.6256,25.697],[-100.6252,25.6972],[-100.6249,25.6973],[-100.6246,25.6975],[-100.6239,25.698],[-100.6224,25.6992],[-100.621,25.7002],[-100.6205,25.7005],[-100.6202,25.7006],[-100.6193,25.7009],[-100.6167,25.7015],[-100.6135,25.7022],[-100.6103,25.7029],[-100.6083,25.7033],[-100.6048,25.7041],[-100.6029,25.7044],[-100.6025,25.7044],[-100.6025,25.7136],[-100.6025,25.7138],[-100.6023,25.7137],[-100.6021,25.7137],[-100.6019,25.7138],[-100.6013,25.714],[-100.6011,25.714],[-100.6005,25.7142],[-100.6,25.7144],[-100.5999,25.7145],[-100.5997,25.7146],[-100.5997,25.7148],[-100.5996,25.7149],[-100.5996,25.7151],[-100.5919,25.7221],[-100.5917,25.722],[-100.5915,25.7219],[-100.5907,25.7213],[-100.5902,25.7212],[-100.5894,25.7212],[-100.5893,25.721],[-100.589,25.7207],[-100.5881,25.7201],[-100.5879,25.72],[-100.5878,25.72],[-100.5876,25.7201],[-100.5872,25.7199],[-100.5869,25.72],[-100.5855,25.7194],[-100.5849,25.7193],[-100.5835,25.72],[-100.5792,25.7186],[-100.5782,25.7187],[-100.5779,25.7189],[-100.5775,25.719],[-100.5772,25.719],[-100.5769,25.719],[-100.5765,25.7189],[-100.5763,25.7189],[-100.5759,25.7191],[-100.5757,25.7192],[-100.5672,25.7022],[-100.5669,25.7022],[-100.5666,25.7021],[-100.5664,25.702],[-100.5658,25.7016],[-100.5655,25.7012],[-100.5643,25.7025],[-100.5636,25.7034],[-100.5633,25.7039],[-100.5627,25.705],[-100.5624,25.7057],[-100.5619,25.7066],[-100.5614,25.7074],[-100.5605,25.7084],[-100.5598,25.709],[-100.5583,25.7103],[-100.5566,25.7118],[-100.5545,25.7136],[-100.5542,25.7134],[-100.5495,25.7101],[-100.549,25.7107],[-100.5464,25.7137],[-100.5406,25.7205],[-100.5404,25.7207],[-100.5398,25.7214],[-100.5354,25.7267],[-100.5347,25.7274],[-100.534,25.728],[-100.5261,25.7339],[-100.5239,25.7355],[-100.5194,25.7389],[-100.5193,25.739],[-100.5181,25.7399],[-100.5155,25.7418],[-100.5153,25.742],[-100.5139,25.743],[-100.5133,25.7435],[-100.5129,25.7439],[-100.5127,25.7442],[-100.5122,25.7451],[-100.5117,25.7465],[-100.5109,25.7483],[-100.5107,25.7487],[-100.5104,25.7492],[-100.5102,25.7495],[-100.5101,25.7497],[-100.5098,25.75],[-100.5094,25.7498],[-100.5088,25.7496],[-100.5074,25.75],[-100.5069,25.75]]]]},"properties":{"cveMuni":"19048","nombre":"Santa Catarina"}},{"type":"Feature","geometry":{"type":"MultiPolygon","coordinates":[[[[-100.387,25.7973],[-100.3852,25.7968],[-100.3851,25.7967],[-100.385,25.7967],[-100.3848,25.7967],[-100.3848,25.7967],[-100.3842,25.7965],[-100.3842,25.7965],[-100.3842,25.7965],[-100.3836,25.7963],[-100.3832,25.7962],[-100.3832,25.7962],[-100.3832,25.7962],[-100.3832,25.7962],[-100.3826,25.796],[-100.3826,25.796],[-100.3821,25.7959],[-100.382,25.7959],[-100.3819,25.7958],[-100.3814,25.7957],[-100.3813,25.7957],[-100.3813,25.7957],[-100.3813,25.7957],[-100.3813,25.7957],[-100.3813,25.7957],[-100.3813,25.7956],[-100.3808,25.7955],[-100.3808,25.7955],[-100.3806,25.7955],[-100.3802,25.7953],[-100.3802,25.7953],[-100.3798,25.7952],[-100.3798,25.7952],[-100.3796,25.7951],[-100.3796,25.7951],[-100.3795,25.7951],[-100.3792,25.795],[-100.3792,25.795],[-100.379,25.795],[-100.379,25.7949],[-100.3788,25.7949],[-100.3787,25.7949],[-100.3787,25.7949],[-100.3781,25.7947],[-100.3781,25.7947],[-100.3779,25.7946],[-100.3779,25.7946],[-100.3779,25.7946],[-100.3773,25.7945],[-100.3773,25.7945],[-100.3772,25.7944],[-100.3772,25.7945],[-100.3769,25.7944],[-100.3766,25.7943],[-100.3766,25.7943],[-100.3766,25.7943],[-100.3766,25.7943],[-100.3766,25.7943],[-100.3766,25.7943],[-100.3765,25.7943],[-100.3764,25.7942],[-100.3762,25.7942],[-100.3759,25.7941],[-100.3758,25.7941],[-100.3755,25.794],[-100.3754,25.7939],[-100.3752,25.7939],[-100.3751,25.7938],[-100.3748,25.7937],[-100.3747,25.7937],[-100.3746,25.7937],[-100.3744,25.7937],[-100.3744,25.7937],[-100.3744,25.7937],[-100.3744,25.7937],[-100.3744,25.7937],[-100.3744,25.7937],[-100.3744,25.7937],[-100.3744,25.7936],[-100.3744,25.7936],[-100.3744,25.7936],[-100.3744,25.7936],[-100.3744,25.7936],[-100.3743,25.7936],[-100.3741,25.7936],[-100.3741,25.7936],[-100.3736,25.7935],[-100.3734,25.7934],[-100.3732,25.7933],[-100.372,25.7929],[-100.3699,25.7923],[-100.3673,25.7914],[-100.3671,25.791],[-100.3665,25.7898],[-100.3662,25.7894],[-100.3654,25.7894],[-100.3654,25.7894],[-100.3651,25.7894],[-100.3644,25.7892],[-100.3631,25.7894],[-100.3625,25.7886],[-100.3597,25.7867],[-100.3588,25.786],[-100.3578,25.7859],[-100.3573,25.7856],[-100.3562,25.7852],[-100.3559,25.7851],[-100.355,25.784],[-100.3547,25.7836],[-100.3541,25.7828],[-100.3535,25.7816],[-100.3516,25.7793],[-100.3514,25.7793],[-100.3512,25.7792],[-100.351,25.7791],[-100.3508,25.779],[-100.3507,25.7789],[-100.3505,25.7788],[-100.3504,25.7786],[-100.3502,25.7785],[-100.3501,25.7783],[-100.35,25.7781],[-100.3499,25.7779],[-100.3499,25.7779],[-100.3496,25.7769],[-100.3495,25.7767],[-100.3493,25.7765],[-100.3491,25.7763],[-100.349,25.776],[-100.3489,25.7758],[-100.3488,25.7756],[-100.348,25.7737],[-100.3476,25.7731],[-100.3467,25.7722],[-100.3464,25.7711],[-100.3454,25.7706],[-100.3443,25.7701],[-100.3429,25.768],[-100.3417,25.7658],[-100.3416,25.7655],[-100.3416,25.7646],[-100.3405,25.7622],[-100.3405,25.7622],[-100.3375,25.7625],[-100.3368,25.7627],[-100.3222,25.7502],[-100.3221,25.7501],[-100.3221,25.7501],[-100.3221,25.7501],[-100.3222,25.7488],[-100.3222,25.7487],[-100.3222,25.7481],[-100.3222,25.7481],[-100.3222,25.7481],[-100.3222,25.7481],[-100.3222,25.7481],[-100.3222,25.7481],[-100.3222,25.7481],[-100.3222,25.7481],[-100.3223,25.7465],[-100.3223,25.7464],[-100.3223,25.7464],[-100.3223,25.7464],[-100.3223,25.7464],[-100.3223,25.7464],[-100.3224,25.745],[-100.3224,25.745],[-100.3224,25.745],[-100.3224,25.745],[-100.3224,25.745],[-100.3224,25.745],[-100.3223,25.745],[-100.3222,25.7451],[-100.3212,25.7453],[-100.321,25.7453],[-100.321,25.7453],[-100.321,25.7453],[-100.3212,25.7451],[-100.3212,25.745],[-100.3215,25.7445],[-100.3217,25.744],[-100.3218,25.7438],[-100.3219,25.7437],[-100.322,25.7434],[-100.3221,25.743],[-100.3222,25.7429],[-100.3222,25.7429],[-100.3225,25.7423],[-100.3225,25.7422],[-100.3228,25.7417],[-100.323,25.7413],[-100.323,25.7412],[-100.3233,25.7406],[-100.3236,25.74],[-100.3236,25.7394],[-100.3236,25.7392],[-100.3238,25.7392],[-100.3238,25.7392],[-100.3238,25.7392],[-100.3238,25.7392],[-100.3238,25.7387],[-100.3238,25.7387],[-100.3238,25.7385],[-100.3238,25.7383],[-100.3239,25.7379],[-100.3239,25.7377],[-100.3239,25.7377],[-100.3239,25.7377],[-100.323,25.7376],[-100.323,25.7376],[-100.3224,25.7376],[-100.3213,25.7375],[-100.3212,25.7375],[-100.3208,25.7375],[-100.3208,25.7375],[-100.3206,25.7375],[-100.32,25.7374],[-100.32,25.7374],[-100.3194,25.7374],[-100.3183,25.7373],[-100.3183,25.7373],[-100.3183,25.7373],[-100.3183,25.7367],[-100.3183,25.7367],[-100.3183,25.7362],[-100.3183,25.7362],[-100.3183,25.7358],[-100.3183,25.7355],[-100.3183,25.7355],[-100.3183,25.7355],[-100.3183,25.7353],[-100.3183,25.7353],[-100.3183,25.7352],[-100.3182,25.7351],[-100.3181,25.735],[-100.318,25.7349],[-100.318,25.7349],[-100.3173,25.7349],[-100.3172,25.7349],[-100.3171,25.7349],[-100.3171,25.7349],[-100.3171,25.7349],[-100.3171,25.7349],[-100.3174,25.7338],[-100.3178,25.7323],[-100.3178,25.7323],[-100.3178,25.7323],[-100.3178,25.7323],[-100.3176,25.7323],[-100.3173,25.7322],[-100.3173,25.7322],[-100.3166,25.732],[-100.316,25.7318],[-100.316,25.7318],[-100.316,25.7318],[-100.316,25.7318],[-100.316,25.7316],[-100.316,25.7316],[-100.316,25.7316],[-100.3161,25.7316],[-100.3161,25.7314],[-100.3162,25.7312],[-100.3162,25.7311],[-100.3162,25.7311],[-100.3163,25.7309],[-100.3164,25.7305],[-100.3165,25.7303],[-100.3166,25.73],[-100.3167,25.7296],[-100.3167,25.7296],[-100.3168,25.7293],[-100.317,25.729],[-100.3171,25.7285],[-100.3172,25.7285],[-100.3172,25.7281],[-100.3172,25.7281],[-100.3172,25.7281],[-100.3172,25.7278],[-100.3172,25.7274],[-100.3171,25.7268],[-100.3171,25.7259],[-100.3171,25.7243],[-100.3171,25.7241],[-100.3171,25.7241],[-100.3171,25.7238],[-100.3171,25.7238],[-100.3171,25.7238],[-100.3171,25.7235],[-100.3171,25.7235],[-100.3171,25.7227],[-100.3141,25.7218],[-100.3141,25.7218],[-100.3096,25.7205],[-100.3096,25.7205],[-100.3096,25.7205],[-100.3098,25.72],[-100.3101,25.719],[-100.3103,25.7185],[-100.3103,25.7185],[-100.3103,25.7185],[-100.3079,25.7176],[-100.3079,25.7176],[-100.307,25.7172],[-100.307,25.7172],[-100.3021,25.7152],[-100.3021,25.7152],[-100.3012,25.7149],[-100.3012,25.7149],[-100.3011,25.7148],[-100.3004,25.7145],[-100.3003,25.7145],[-100.3003,25.7145],[-100.2994,25.7141],[-100.2994,25.7141],[-100.2994,25.7141],[-100.2993,25.7141],[-100.2988,25.7139],[-100.2988,25.7139],[-100.2985,25.7137],[-100.2984,25.7137],[-100.2984,25.7137],[-100.2975,25.7134],[-100.2974,25.7133],[-100.2974,25.7133],[-100.2966,25.713],[-100.296,25.7128],[-100.296,25.7128],[-100.2948,25.7123],[-100.2937,25.7118],[-100.2925,25.7113],[-100.2877,25.7093],[-100.2877,25.7093],[-100.2838,25.7081],[-100.2829,25.7081],[-100.2818,25.7081],[-100.2818,25.7081],[-100.2773,25.7082],[-100.2773,25.7082],[-100.2754,25.7082],[-100.2753,25.7082],[-100.2729,25.7082],[-100.2727,25.7082],[-100.2715,25.7082],[-100.2714,25.7082],[-100.2705,25.7083],[-100.2704,25.7083],[-100.269,25.7083],[-100.2688,25.7082],[-100.2686,25.7082],[-100.2686,25.7082],[-100.2684,25.7082],[-100.2682,25.708],[-100.2682,25.7078],[-100.2681,25.7078],[-100.2681,25.7077],[-100.2681,25.7077],[-100.2681,25.7077],[-100.2681,25.7077],[-100.2681,25.7075],[-100.2681,25.7075],[-100.2681,25.7075],[-100.2681,25.7075],[-100.2681,25.7075],[-100.2682,25.7063],[-100.2682,25.7063],[-100.2682,25.706],[-100.2682,25.7057],[-100.2682,25.7057],[-100.2682,25.7034],[-100.2682,25.7034],[-100.2682,25.7033],[-100.2682,25.7033],[-100.2679,25.7033],[-100.2674,25.7028],[-100.2668,25.7023],[-100.2668,25.7023],[-100.2662,25.7022],[-100.265,25.7021],[-100.265,25.702],[-100.2647,25.702],[-100.2645,25.7018],[-100.2642,25.7015],[-100.2638,25.7012],[-100.2636,25.7013],[-100.2636,25.7013],[-100.2633,25.7013],[-100.2629,25.7013],[-100.262,25.7013],[-100.2618,25.7012],[-100.2618,25.7012],[-100.2618,25.7008],[-100.2618,25.7008],[-100.2618,25.7008],[-100.2618,25.7008],[-100.2618,25.7008],[-100.2618,25.7008],[-100.2618,25.7003],[-100.2618,25.7003],[-100.2618,25.7003],[-100.2618,25.7003],[-100.2618,25.7002],[-100.2618,25.7002],[-100.2618,25.7002],[-100.2618,25.7002],[-100.2618,25.7002],[-100.2618,25.7002],[-100.2618,25.7],[-100.2618,25.7],[-100.2618,25.7],[-100.2618,25.7],[-100.2618,25.7],[-100.2618,25.7],[-100.2618,25.6998],[-100.2618,25.6998],[-100.2618,25.6998],[-100.2618,25.6998],[-100.2618,25.6998],[-100.2618,25.6998],[-100.2618,25.6998],[-100.2618,25.6998],[-100.2618,25.6998],[-100.2618,25.6998],[-100.2618,25.6998],[-100.2618,25.6998],[-100.2618,25.6998],[-100.2618,25.6998],[-100.2618,25.6998],[-100.2618,25.6998],[-100.2618,25.6998],[-100.2618,25.6998],[-100.2618,25.6993],[-100.2618,25.6993],[-100.2618,25.6993],[-100.2618,25.6993],[-100.2618,25.6992],[-100.2618,25.6992],[-100.2618,25.6992],[-100.2618,25.6992],[-100.2618,25.6988],[-100.2618,25.6988],[-100.2618,25.6988],[-100.2618,25.6988],[-100.2618,25.6987],[-100.2618,25.6987],[-100.2618,25.6987],[-100.2618,25.6987],[-100.2618,25.6987],[-100.2618,25.6987],[-100.2618,25.6983],[-100.2618,25.6983],[-100.2618,25.6983],[-100.2618,25.6983],[-100.2618,25.6981],[-100.2618,25.6981],[-100.2618,25.6979],[-100.2618,25.6979],[-100.2618,25.6979],[-100.2618,25.6979],[-100.2618,25.6978],[-100.2618,25.6978],[-100.2619,25.6975],[-100.2619,25.6975],[-100.2619,25.6974],[-100.2619,25.6974],[-100.2619,25.6974],[-100.2619,25.6974],[-100.2619,25.6974],[-100.2619,25.6974],[-100.2619,25.697],[-100.2619,25.697],[-100.2619,25.697],[-100.2619,25.6962],[-100.2619,25.6962],[-100.2619,25.6962],[-100.2619,25.6962],[-100.2619,25.6962],[-100.2619,25.6962],[-100.2619,25.6962],[-100.2619,25.6962],[-100.2619,25.6962],[-100.2619,25.6962],[-100.2619,25.6962],[-100.2619,25.6962],[-100.2619,25.6961],[-100.2619,25.6961],[-100.2619,25.6961],[-100.2619,25.6961],[-100.2619,25.696],[-100.2619,25.696],[-100.2619,25.6959],[-100.2619,25.6959],[-100.2619,25.6958],[-100.2619,25.6958],[-100.2619,25.6947],[-100.2619,25.6947],[-100.2619,25.694],[-100.2619,25.694],[-100.2619,25.6939],[-100.2619,25.6939],[-100.2619,25.6937],[-100.2619,25.6937],[-100.2619,25.6937],[-100.2619,25.6937],[-100.2619,25.6934],[-100.2619,25.6934],[-100.2619,25.6934],[-100.2619,25.6934],[-100.2619,25.6934],[-100.2619,25.6934],[-100.2619,25.693],[-100.2619,25.693],[-100.2619,25.693],[-100.2619,25.693],[-100.2619,25.693],[-100.2619,25.693],[-100.2619,25.6927],[-100.2619,25.6927],[-100.2619,25.6927],[-100.2619,25.6927],[-100.2619,25.6922],[-100.2619,25.6922],[-100.2619,25.6922],[-100.2619,25.6922],[-100.2619,25.692],[-100.2619,25.692],[-100.2619,25.692],[-100.2619,25.692],[-100.2619,25.6916],[-100.2619,25.6916],[-100.2619,25.6916],[-100.2619,25.6916],[-100.2619,25.6916],[-100.2619,25.6916],[-100.2619,25.6916],[-100.2619,25.6916],[-100.2619,25.6915],[-100.2619,25.6912],[-100.2619,25.6911],[-100.2619,25.6911],[-100.2619,25.6909],[-100.2619,25.6909],[-100.262,25.6906],[-100.262,25.6902],[-100.262,25.6897],[-100.262,25.6897],[-100.262,25.6897],[-100.262,25.6897],[-100.262,25.6897],[-100.262,25.6897],[-100.262,25.6894],[-100.262,25.6893],[-100.262,25.6891],[-100.262,25.6891],[-100.2619,25.6883],[-100.2619,25.6883],[-100.2619,25.6877],[-100.2619,25.6876],[-100.2619,25.6876],[-100.2619,25.686],[-100.2619,25.686],[-100.2619,25.6858],[-100.2619,25.6856],[-100.2618,25.6855],[-100.2618,25.6855],[-100.2618,25.6854],[-100.2618,25.6854],[-100.2618,25.685],[-100.2618,25.685],[-100.2618,25.685],[-100.2618,25.6849],[-100.2618,25.6848],[-100.2618,25.6847],[-100.2618,25.6842],[-100.2618,25.6838],[-100.2618,25.6837],[-100.2618,25.6835],[-100.2617,25.6834],[-100.2617,25.6834],[-100.2615,25.6831],[-100.2615,25.6831],[-100.2613,25.6827],[-100.2613,25.6827],[-100.2613,25.6827],[-100.2613,25.6827],[-100.2613,25.6826],[-100.2614,25.6826],[-100.2616,25.6825],[-100.2617,25.6825],[-100.2619,25.6824],[-100.262,25.6824],[-100.2622,25.6824],[-100.2623,25.6823],[-100.2624,25.6823],[-100.2626,25.6822],[-100.2627,25.6821],[-100.2628,25.682],[-100.263,25.682],[-100.2631,25.6819],[-100.2633,25.6819],[-100.2636,25.6818],[-100.2639,25.6818],[-100.264,25.6818],[-100.264,25.6818],[-100.2642,25.6817],[-100.2645,25.6817],[-100.2648,25.6817],[-100.2649,25.6817],[-100.2652,25.6817],[-100.2654,25.6817],[-100.2656,25.6817],[-100.2659,25.6817],[-100.2661,25.6817],[-100.2662,25.6817],[-100.2664,25.6817],[-100.2666,25.6817],[-100.2668,25.6817],[-100.267,25.6816],[-100.2671,25.6816],[-100.2673,25.6815],[-100.2674,25.6815],[-100.2676,25.6814],[-100.2677,25.6814],[-100.2679,25.6814],[-100.268,25.6815],[-100.2682,25.6815],[-100.2683,25.6815],[-100.2684,25.6815],[-100.2686,25.6816],[-100.2688,25.6816],[-100.2689,25.6817],[-100.2689,25.6817],[-100.269,25.6817],[-100.2691,25.6817],[-100.2692,25.6817],[-100.2694,25.6817],[-100.2695,25.6817],[-100.2696,25.6817],[-100.2698,25.6817],[-100.27,25.6817],[-100.2702,25.6817],[-100.2703,25.6816],[-100.2704,25.6816],[-100.2706,25.6815],[-100.2708,25.6815],[-100.2709,25.6814],[-100.271,25.6814],[-100.2711,25.6813],[-100.2711,25.6813],[-100.2713,25.6812],[-100.2713,25.6812],[-100.2714,25.6811],[-100.2714,25.6811],[-100.2716,25.681],[-100.2717,25.681],[-100.2719,25.6809],[-100.2721,25.6808],[-100.2723,25.6807],[-100.2723,25.6807],[-100.2724,25.6807],[-100.2724,25.6807],[-100.2724,25.6807],[-100.2726,25.6805],[-100.2729,25.6804],[-100.273,25.6804],[-100.2731,25.6803],[-100.2734,25.6802],[-100.2735,25.6801],[-100.2736,25.68],[-100.2737,25.6799],[-100.2738,25.6798],[-100.274,25.6796],[-100.2741,25.6795],[-100.2742,25.6794],[-100.2743,25.6791],[-100.2744,25.679],[-100.2746,25.6788],[-100.2746,25.6787],[-100.2748,25.6784],[-100.2749,25.6783],[-100.275,25.6781],[-100.2751,25.6778],[-100.2752,25.6777],[-100.2753,25.6774],[-100.2753,25.6773],[-100.2754,25.6772],[-100.2754,25.6771],[-100.2755,25.6769],[-100.2756,25.6768],[-100.2756,25.6767],[-100.2757,25.6766],[-100.2758,25.6765],[-100.2759,25.6764],[-100.2759,25.6763],[-100.2759,25.6763],[-100.2759,25.6763],[-100.2759,25.6763],[-100.2744,25.6764],[-100.2743,25.6764],[-100.2743,25.6764],[-100.2742,25.6764],[-100.2742,25.6764],[-100.2739,25.6764],[-100.2739,25.6764],[-100.2733,25.6764],[-100.2733,25.6764],[-100.2728,25.6764],[-100.2717,25.6764],[-100.2717,25.6764],[-100.2717,25.6764],[-100.2717,25.6764],[-100.2717,25.6764],[-100.2717,25.6764],[-100.2719,25.6763],[-100.2727,25.6756],[-100.2731,25.6753],[-100.2731,25.6753],[-100.2732,25.6753],[-100.2737,25.6748],[-100.2739,25.6747],[-100.2739,25.6747],[-100.2739,25.6747],[-100.2739,25.6747],[-100.2737,25.6743],[-100.2737,25.6743],[-100.2737,25.6743],[-100.2737,25.6743],[-100.274,25.6742],[-100.2742,25.674],[-100.2742,25.6738],[-100.2742,25.6738],[-100.2742,25.6738],[-100.2742,25.6738],[-100.2742,25.6735],[-100.2742,25.6735],[-100.2742,25.6735],[-100.2741,25.6732],[-100.2741,25.6731],[-100.274,25.673],[-100.2738,25.6728],[-100.2735,25.6727],[-100.2728,25.6727],[-100.2728,25.6721],[-100.2728,25.6721],[-100.2728,25.6721],[-100.2728,25.6721],[-100.2728,25.6715],[-100.2728,25.6715],[-100.2728,25.6709],[-100.2728,25.6709],[-100.2716,25.6709],[-100.2716,25.6708],[-100.2716,25.6708],[-100.2714,25.6705],[-100.2714,25.6703],[-100.2714,25.6702],[-100.2714,25.6702],[-100.2714,25.6702],[-100.2714,25.6699],[-100.2714,25.6699],[-100.2714,25.6699],[-100.2714,25.6699],[-100.2714,25.6699],[-100.2714,25.6699],[-100.2714,25.6693],[-100.2714,25.6693],[-100.2714,25.6693],[-100.2714,25.6693],[-100.2714,25.6693],[-100.2714,25.6687],[-100.2714,25.6687],[-100.2714,25.6687],[-100.2714,25.6687],[-100.2714,25.6682],[-100.2714,25.6682],[-100.2714,25.6681],[-100.2714,25.6676],[-100.2714,25.6676],[-100.2714,25.6672],[-100.2714,25.6672],[-100.2714,25.6672],[-100.2714,25.6672],[-100.2714,25.6669],[-100.2714,25.6669],[-100.2714,25.6663],[-100.2714,25.6663],[-100.2714,25.6663],[-100.2714,25.6663],[-100.2714,25.6663],[-100.271,25.6663],[-100.2702,25.6663],[-100.2702,25.6658],[-100.2702,25.6658],[-100.2701,25.6649],[-100.2701,25.6649],[-100.2701,25.664],[-100.27,25.6634],[-100.27,25.6634],[-100.2699,25.6621],[-100.2699,25.6621],[-100.2699,25.6616],[-100.2699,25.6616],[-100.2698,25.661],[-100.2698,25.661],[-100.2695,25.6608],[-100.2695,25.6608],[-100.2695,25.6608],[-100.2695,25.6608],[-100.2697,25.6607],[-100.2697,25.6607],[-100.2697,25.6607],[-100.2697,25.6607],[-100.2696,25.6607],[-100.269,25.6603],[-100.269,25.66],[-100.269,25.66],[-100.269,25.66],[-100.269,25.66],[-100.269,25.6598],[-100.2692,25.6598],[-100.2693,25.6598],[-100.2696,25.6598],[-100.2698,25.6597],[-100.2699,25.6597],[-100.27,25.6596],[-100.2701,25.6595],[-100.2703,25.6594],[-100.2704,25.6594],[-100.2705,25.6593],[-100.2706,25.6592],[-100.2707,25.6591],[-100.2708,25.659],[-100.2709,25.6589],[-100.271,25.6588],[-100.2711,25.6587],[-100.2712,25.6586],[-100.2713,25.6585],[-100.2714,25.6584],[-100.2715,25.6583],[-100.2716,25.6582],[-100.2717,25.6581],[-100.2719,25.658],[-100.272,25.6579],[-100.2721,25.6578],[-100.2722,25.6577],[-100.2722,25.6576],[-100.2722,25.6575],[-100.2724,25.6574],[-100.2725,25.6573],[-100.2726,25.6572],[-100.2727,25.6571],[-100.2728,25.657],[-100.2729,25.657],[-100.273,25.6569],[-100.2732,25.6568],[-100.2733,25.6567],[-100.2733,25.6566],[-100.2734,25.6565],[-100.2735,25.6563],[-100.2736,25.6561],[-100.2736,25.656],[-100.2736,25.6557],[-100.2736,25.6557],[-100.2736,25.6557],[-100.2736,25.6557],[-100.2736,25.6557],[-100.2736,25.6557],[-100.2736,25.6557],[-100.2736,25.6557],[-100.2736,25.6557],[-100.2735,25.6555],[-100.2735,25.6555],[-100.2735,25.6553],[-100.2735,25.6551],[-100.2735,25.6551],[-100.2734,25.6549],[-100.2734,25.6549],[-100.2734,25.6548],[-100.2733,25.6546],[-100.2732,25.6545],[-100.2731,25.6544],[-100.273,25.6543],[-100.2729,25.6542],[-100.2728,25.6541],[-100.2727,25.654],[-100.2726,25.6539],[-100.2725,25.6538],[-100.2724,25.6537],[-100.2722,25.6536],[-100.2721,25.6536],[-100.272,25.6535],[-100.2718,25.6533],[-100.2716,25.6533],[-100.2715,25.6532],[-100.2714,25.6531],[-100.2711,25.653],[-100.271,25.6529],[-100.2709,25.6528],[-100.2708,25.6528],[-100.2707,25.6528],[-100.2706,25.6527],[-100.2705,25.6526],[-100.2702,25.6525],[-100.27,25.6524],[-100.2699,25.6524],[-100.2698,25.6523],[-100.2697,25.6523],[-100.2697,25.6523],[-100.2696,25.6522],[-100.2693,25.652],[-100.2691,25.6519],[-100.269,25.6518],[-100.2689,25.6517],[-100.2687,25.6516],[-100.2687,25.6515],[-100.2685,25.6514],[-100.2684,25.6513],[-100.2683,25.6512],[-100.2682,25.6511],[-100.2681,25.651],[-100.2681,25.651],[-100.2681,25.6509],[-100.2681,25.6509],[-100.2681,25.6508],[-100.2681,25.6506],[-100.2681,25.6506],[-100.2681,25.6506],[-100.2681,25.6506],[-100.2681,25.6504],[-100.2681,25.6504],[-100.2681,25.6502],[-100.2681,25.6502],[-100.2681,25.6502],[-100.2681,25.6502],[-100.2681,25.6502],[-100.2681,25.6502],[-100.2681,25.6501],[-100.2682,25.65],[-100.2682,25.6499],[-100.2683,25.6499],[-100.2684,25.6498],[-100.2685,25.6497],[-100.2686,25.6496],[-100.2687,25.6495],[-100.2688,25.6494],[-100.2689,25.6493],[-100.269,25.6492],[-100.2691,25.6491],[-100.2692,25.6491],[-100.2694,25.649],[-100.2695,25.649],[-100.2698,25.6489],[-100.2699,25.6488],[-100.2701,25.6487],[-100.2702,25.6487],[-100.2704,25.6486],[-100.2705,25.6486],[-100.2708,25.6486],[-100.2709,25.6486],[-100.2711,25.6486],[-100.2712,25.6486],[-100.2714,25.6486],[-100.2717,25.6486],[-100.2718,25.6486],[-100.272,25.6486],[-100.2721,25.6485],[-100.2722,25.6485],[-100.2724,25.6484],[-100.2725,25.6483],[-100.2727,25.6482],[-100.2729,25.6481],[-100.273,25.648],[-100.2731,25.6479],[-100.2732,25.6478],[-100.2733,25.6477],[-100.2734,25.6477],[-100.2736,25.6476],[-100.2737,25.6475],[-100.2738,25.6474],[-100.2739,25.6474],[-100.274,25.6473],[-100.2741,25.6472],[-100.2742,25.6472],[-100.2742,25.6472],[-100.2742,25.6471],[-100.2742,25.6471],[-100.2743,25.647],[-100.2743,25.647],[-100.2743,25.647],[-100.2743,25.647],[-100.2743,25.647],[-100.2743,25.647],[-100.2743,25.6469],[-100.2743,25.6468],[-100.2743,25.6467],[-100.2743,25.6466],[-100.2743,25.6466],[-100.2743,25.6464],[-100.2743,25.6464],[-100.2743,25.6463],[-100.2743,25.6462],[-100.2743,25.646],[-100.2743,25.6459],[-100.2743,25.6458],[-100.2743,25.6458],[-100.2743,25.6456],[-100.2743,25.6455],[-100.2743,25.6454],[-100.2743,25.6454],[-100.2742,25.6452],[-100.2742,25.6451],[-100.2741,25.645],[-100.274,25.6447],[-100.2739,25.6446],[-100.2738,25.6445],[-100.2737,25.6444],[-100.2736,25.6443],[-100.2736,25.6443],[-100.2736,25.6442],[-100.2735,25.6441],[-100.2735,25.6439],[-100.2735,25.6439],[-100.2735,25.6438],[-100.2735,25.6436],[-100.2735,25.6436],[-100.2735,25.6436],[-100.2735,25.6436],[-100.2735,25.6436],[-100.2735,25.6436],[-100.2735,25.6436],[-100.2735,25.6436],[-100.2735,25.6436],[-100.2735,25.6436],[-100.2735,25.6436],[-100.2735,25.6435],[-100.2735,25.6434],[-100.2735,25.6434],[-100.2735,25.6434],[-100.2735,25.6434],[-100.2735,25.6432],[-100.2735,25.6432],[-100.2735,25.6431],[-100.2734,25.643],[-100.2733,25.6429],[-100.2733,25.6429],[-100.2732,25.6429],[-100.2731,25.6429],[-100.273,25.6429],[-100.2728,25.6428],[-100.2727,25.6428],[-100.2725,25.6428],[-100.2724,25.6428],[-100.2722,25.6427],[-100.2721,25.6427],[-100.2719,25.6427],[-100.2718,25.6426],[-100.2716,25.6426],[-100.2715,25.6426],[-100.2714,25.6425],[-100.2712,25.6425],[-100.271,25.6424],[-100.2708,25.6424],[-100.2707,25.6423],[-100.2705,25.6423],[-100.2704,25.6422],[-100.2703,25.6421],[-100.2701,25.642],[-100.27,25.642],[-100.27,25.6418],[-100.2699,25.6418],[-100.2698,25.6416],[-100.2697,25.6415],[-100.2697,25.6414],[-100.2696,25.6413],[-100.2695,25.6412],[-100.2695,25.641],[-100.2694,25.6409],[-100.2694,25.6409],[-100.2694,25.6408],[-100.2694,25.6408],[-100.2694,25.6406],[-100.2693,25.6405],[-100.2693,25.6404],[-100.2693,25.6404],[-100.2693,25.6403],[-100.2693,25.6401],[-100.2692,25.64],[-100.2692,25.6399],[-100.2692,25.6397],[-100.2692,25.6396],[-100.2692,25.6396],[-100.2692,25.6396],[-100.2692,25.6396],[-100.2692,25.6396],[-100.2692,25.6396],[-100.2692,25.6396],[-100.2692,25.6396],[-100.2692,25.6395],[-100.2692,25.6395],[-100.2692,25.6395],[-100.2692,25.6395],[-100.2692,25.6394],[-100.2692,25.6393],[-100.2693,25.6392],[-100.2693,25.6391],[-100.2694,25.6389],[-100.2694,25.6388],[-100.2694,25.6387],[-100.2694,25.6385],[-100.2695,25.6383],[-100.2695,25.6381],[-100.2695,25.638],[-100.2695,25.6379],[-100.2696,25.6377],[-100.2696,25.6376],[-100.2696,25.6375],[-100.2696,25.6373],[-100.2697,25.6371],[-100.2697,25.6369],[-100.2697,25.6368],[-100.2698,25.6367],[-100.2698,25.6364],[-100.2699,25.6363],[-100.2699,25.6362],[-100.27,25.6361],[-100.27,25.636],[-100.2701,25.6359],[-100.2702,25.6358],[-100.2703,25.6355],[-100.2704,25.6354],[-100.2705,25.6353],[-100.2707,25.6351],[-100.2707,25.6351],[-100.2708,25.635],[-100.2708,25.6349],[-100.2709,25.6348],[-100.271,25.6347],[-100.2711,25.6346],[-100.2712,25.6345],[-100.2713,25.6342],[-100.2713,25.6341],[-100.2714,25.634],[-100.2715,25.6338],[-100.2715,25.6337],[-100.2715,25.6336],[-100.2716,25.6335],[-100.2716,25.6335],[-100.2716,25.6335],[-100.2716,25.6333],[-100.2716,25.6332],[-100.2716,25.6331],[-100.2716,25.6331],[-100.2716,25.6329],[-100.2716,25.6329],[-100.2716,25.6326],[-100.2715,25.6325],[-100.2715,25.6325],[-100.2715,25.6324],[-100.2715,25.6322],[-100.2714,25.632],[-100.2714,25.6318],[-100.2713,25.6318],[-100.2713,25.6317],[-100.2713,25.6316],[-100.2712,25.6315],[-100.2712,25.6315],[-100.2711,25.6314],[-100.271,25.6313],[-100.271,25.6311],[-100.2709,25.631],[-100.2709,25.6309],[-100.2708,25.6309],[-100.2708,25.6309],[-100.2708,25.6308],[-100.2708,25.6308],[-100.2708,25.6306],[-100.2708,25.6305],[-100.2708,25.6305],[-100.2707,25.6304],[-100.2707,25.6304],[-100.2707,25.6303],[-100.2707,25.6302],[-100.2707,25.6302],[-100.2707,25.6302],[-100.2707,25.6302],[-100.2707,25.6302],[-100.2707,25.6302],[-100.2707,25.6302],[-100.2707,25.6302],[-100.2707,25.6301],[-100.2707,25.6301],[-100.2707,25.6301],[-100.2707,25.6301],[-100.2707,25.6301],[-100.2707,25.6301],[-100.2707,25.6301],[-100.2707,25.6301],[-100.2707,25.63],[-100.2707,25.63],[-100.2707,25.63],[-100.2707,25.63],[-100.2707,25.63],[-100.2707,25.63],[-100.2707,25.63],[-100.2707,25.63],[-100.2707,25.63],[-100.2707,25.63],[-100.2707,25.63],[-100.2708,25.6298],[-100.2708,25.6297],[-100.2708,25.6296],[-100.2708,25.6294],[-100.2708,25.6294],[-100.2708,25.6294],[-100.2708,25.6294],[-100.2708,25.6291],[-100.2708,25.6291],[-100.2708,25.6291],[-100.2708,25.6291],[-100.2708,25.629],[-100.2708,25.629],[-100.2708,25.629],[-100.2708,25.629],[-100.2708,25.629],[-100.2708,25.629],[-100.2708,25.6289],[-100.2708,25.6287],[-100.2708,25.6287],[-100.2707,25.6286],[-100.2707,25.6286],[-100.2707,25.6285],[-100.2707,25.6285],[-100.2707,25.6285],[-100.2707,25.6283],[-100.2708,25.6282],[-100.2708,25.6282],[-100.2708,25.6282],[-100.2708,25.6282],[-100.2708,25.6281],[-100.2708,25.6281],[-100.2708,25.6281],[-100.2708,25.6281],[-100.2708,25.6279],[-100.2708,25.6278],[-100.2709,25.6277],[-100.2709,25.6277],[-100.2709,25.6276],[-100.2709,25.6275],[-100.271,25.6274],[-100.2711,25.6273],[-100.2712,25.6272],[-100.2713,25.6271],[-100.2714,25.627],[-100.2715,25.6269],[-100.2716,25.6268],[-100.2717,25.6267],[-100.2718,25.6267],[-100.2719,25.6266],[-100.272,25.6265],[-100.2721,25.6264],[-100.2723,25.6263],[-100.2723,25.6262],[-100.2725,25.6261],[-100.2726,25.626],[-100.2727,25.6259],[-100.2728,25.6258],[-100.2728,25.6257],[-100.2728,25.6257],[-100.2728,25.6257],[-100.2728,25.6257],[-100.2728,25.6255],[-100.2728,25.6255],[-100.2727,25.6252],[-100.2725,25.625],[-100.2724,25.6249],[-100.2722,25.6247],[-100.2722,25.6246],[-100.2721,25.6245],[-100.272,25.6244],[-100.2718,25.6243],[-100.2716,25.6242],[-100.2712,25.624],[-100.2709,25.6239],[-100.2708,25.6238],[-100.2707,25.6237],[-100.2705,25.6237],[-100.2704,25.6236],[-100.2703,25.6235],[-100.27,25.6233],[-100.27,25.6232],[-100.2699,25.6231],[-100.2698,25.623],[-100.2698,25.623],[-100.2697,25.6229],[-100.2696,25.6228],[-100.2695,25.6225],[-100.2695,25.6224],[-100.2694,25.6223],[-100.2694,25.6221],[-100.2694,25.6221],[-100.2694,25.622],[-100.2694,25.6219],[-100.2694,25.6219],[-100.2694,25.6219],[-100.2694,25.6219],[-100.2694,25.6219],[-100.2694,25.6217],[-100.2694,25.6216],[-100.2695,25.6215],[-100.2695,25.6215],[-100.2695,25.6215],[-100.2695,25.6215],[-100.2695,25.6215],[-100.2688,25.6216],[-100.2683,25.6218],[-100.2683,25.6218],[-100.268,25.6218],[-100.267,25.622],[-100.267,25.622],[-100.267,25.622],[-100.2669,25.622],[-100.2669,25.622],[-100.2668,25.6221],[-100.2668,25.6221],[-100.2668,25.6221],[-100.2664,25.6222],[-100.2664,25.6222],[-100.2663,25.6222],[-100.2663,25.6222],[-100.2663,25.6222],[-100.2659,25.6223],[-100.2658,25.6223],[-100.2658,25.6223],[-100.2658,25.6223],[-100.2649,25.6224],[-100.2649,25.6224],[-100.2647,25.6225],[-100.2647,25.6225],[-100.2641,25.6226],[-100.2636,25.6227],[-100.2636,25.6227],[-100.263,25.6228],[-100.263,25.6228],[-100.263,25.6228],[-100.2627,25.6229],[-100.2627,25.6229],[-100.2627,25.6229],[-100.2627,25.6229],[-100.2616,25.6232],[-100.2616,25.6232],[-100.2433,25.6261],[-100.2421,25.6248],[-100.2432,25.617],[-100.2427,25.6161],[-100.2412,25.6142],[-100.2404,25.6129],[-100.2397,25.6113],[-100.2392,25.611],[-100.2378,25.6106],[-100.2367,25.6096],[-100.2361,25.6077],[-100.2363,25.6066],[-100.2361,25.6054],[-100.2351,25.6045],[-100.2347,25.6041],[-100.2345,25.604],[-100.2345,25.604],[-100.2344,25.6039],[-100.2344,25.6038],[-100.2347,25.6033],[-100.2346,25.6031],[-100.2337,25.6022],[-100.2332,25.6018],[-100.2323,25.6013],[-100.2319,25.6012],[-100.2312,25.6002],[-100.2303,25.5992],[-100.2299,25.5987],[-100.2298,25.5979],[-100.2298,25.5977],[-100.2294,25.5974],[-100.2292,25.5972],[-100.2289,25.5971],[-100.229,25.5969],[-100.2289,25.5967],[-100.2287,25.5964],[-100.2284,25.5962],[-100.228,25.596],[-100.2276,25.596],[-100.227,25.5952],[-100.2263,25.593],[-100.226,25.5923],[-100.2253,25.5917],[-100.225,25.5915],[-100.2249,25.5912],[-100.225,25.5898],[-100.2249,25.5896],[-100.2244,25.5893],[-100.223,25.5891],[-100.2227,25.5888],[-100.2224,25.5881],[-100.2221,25.5875],[-100.2218,25.587],[-100.2213,25.5865],[-100.2209,25.5861],[-100.2207,25.5858],[-100.2205,25.5855],[-100.2202,25.5852],[-100.22,25.5849],[-100.2199,25.5847],[-100.2199,25.5842],[-100.2197,25.5841],[-100.2193,25.5841],[-100.2191,25.5842],[-100.219,25.5842],[-100.2191,25.5836],[-100.219,25.5835],[-100.2188,25.5834],[-100.2183,25.5833],[-100.2178,25.583],[-100.2172,25.5822],[-100.2168,25.5817],[-100.2164,25.5812],[-100.2163,25.58],[-100.2155,25.5784],[-100.2147,25.5767],[-100.2143,25.5763],[-100.2137,25.5758],[-100.2135,25.5755],[-100.2133,25.5744],[-100.2131,25.5739],[-100.2133,25.5731],[-100.2128,25.5728],[-100.2098,25.5684],[-100.2087,25.5677],[-100.2074,25.5652],[-100.2068,25.5639],[-100.2061,25.5634],[-100.2056,25.5626],[-100.2055,25.5624],[-100.2055,25.5617],[-100.2057,25.5611],[-100.2057,25.5609],[-100.2057,25.5607],[-100.2055,25.5604],[-100.2053,25.5599],[-100.2047,25.5596],[-100.2042,25.5593],[-100.2039,25.5591],[-100.2026,25.557],[-100.2021,25.5564],[-100.2014,25.5556],[-100.2008,25.5542],[-100.2007,25.5533],[-100.2004,25.553],[-100.2002,25.5525],[-100.2,25.5517],[-100.199,25.5513],[-100.1983,25.5511],[-100.198,25.5509],[-100.1978,25.5507],[-100.1976,25.5504],[-100.1977,25.55],[-100.1953,25.5462],[-100.1936,25.5443],[-100.1929,25.544],[-100.1913,25.5431],[-100.1886,25.5401],[-100.1884,25.5397],[-100.1881,25.5396],[-100.1872,25.5392],[-100.1857,25.5387],[-100.185,25.5377],[-100.1845,25.5372],[-100.1842,25.5371],[-100.1838,25.5367],[-100.1835,25.5362],[-100.1828,25.5354],[-100.1825,25.5352],[-100.1814,25.5336],[-100.1803,25.5318],[-100.1799,25.5312],[-100.1793,25.5303],[-100.1788,25.5303],[-100.1783,25.5294],[-100.1771,25.5271],[-100.1759,25.5257],[-100.1757,25.5253],[-100.1729,25.5211],[-100.1724,25.5206],[-100.1718,25.5201],[-100.1711,25.5198],[-100.1695,25.5191],[-100.1687,25.5182],[-100.1679,25.5175],[-100.1674,25.5169],[-100.1683,25.5165],[-100.1687,25.516],[-100.1691,25.5156],[-100.1693,25.5155],[-100.1696,25.5155],[-100.1709,25.5142],[-100.1718,25.5138],[-100.1729,25.5137],[-100.174,25.5131],[-100.1745,25.513],[-100.1748,25.5129],[-100.1754,25.5129],[-100.1762,25.5131],[-100.1762,25.5131],[-100.1765,25.514],[-100.1766,25.5149],[-100.177,25.5154],[-100.177,25.5159],[-100.1772,25.5169],[-100.1772,25.5169],[-100.1783,25.5177],[-100.1789,25.5182],[-100.1806,25.5186],[-100.1817,25.5185],[-100.1826,25.5181],[-100.1827,25.5181],[-100.183,25.5182],[-100.1832,25.5184],[-100.1832,25.5184],[-100.1832,25.5184],[-100.1832,25.5197],[-100.1832,25.5197],[-100.1833,25.5198],[-100.1835,25.5198],[-100.1837,25.5198],[-100.1838,25.5196],[-100.1838,25.5196],[-100.1838,25.5196],[-100.1838,25.5196],[-100.1839,25.5197],[-100.184,25.52],[-100.1841,25.5201],[-100.1841,25.5201],[-100.1844,25.5202],[-100.1846,25.5204],[-100.1847,25.5204],[-100.1848,25.5205],[-100.1849,25.5205],[-100.1851,25.5205],[-100.1852,25.5204],[-100.1852,25.5205],[-100.1854,25.5205],[-100.1857,25.5205],[-100.1866,25.5205],[-100.1867,25.5206],[-100.1867,25.5206],[-100.1868,25.5208],[-100.1868,25.5208],[-100.1867,25.5209],[-100.1866,25.5211],[-100.1866,25.5211],[-100.1866,25.5212],[-100.1866,25.5212],[-100.1868,25.5211],[-100.187,25.521],[-100.187,25.5209],[-100.1873,25.5207],[-100.1874,25.5204],[-100.1874,25.5204],[-100.1874,25.5204],[-100.1874,25.5204],[-100.1874,25.5201],[-100.1874,25.5201],[-100.1874,25.5201],[-100.1875,25.5199],[-100.1875,25.5194],[-100.1879,25.5195],[-100.1882,25.5195],[-100.1884,25.5194],[-100.1886,25.5192],[-100.1889,25.5191],[-100.1891,25.519],[-100.1891,25.519],[-100.1894,25.519],[-100.1895,25.519],[-100.1897,25.519],[-100.1901,25.519],[-100.1901,25.519],[-100.1902,25.5191],[-100.1902,25.5192],[-100.1902,25.5192],[-100.1902,25.5193],[-100.1903,25.5194],[-100.1903,25.5194],[-100.1905,25.5196],[-100.1905,25.5196],[-100.1906,25.5197],[-100.1908,25.5199],[-100.1909,25.5202],[-100.191,25.5204],[-100.1911,25.5204],[-100.1911,25.5204],[-100.1913,25.5205],[-100.1915,25.5205],[-100.1916,25.5205],[-100.1918,25.5204],[-100.1923,25.5199],[-100.1925,25.5197],[-100.1925,25.5197],[-100.1931,25.5191],[-100.1934,25.5187],[-100.1934,25.5187],[-100.1934,25.5187],[-100.1933,25.5176],[-100.1933,25.5176],[-100.1933,25.5172],[-100.1934,25.5169],[-100.1938,25.5169],[-100.194,25.5169],[-100.1945,25.517],[-100.195,25.517],[-100.1954,25.5169],[-100.1958,25.5167],[-100.1961,25.5166],[-100.1964,25.5162],[-100.1966,25.5155],[-100.1968,25.5151],[-100.197,25.5148],[-100.1971,25.5147],[-100.1974,25.5147],[-100.1981,25.5149],[-100.1985,25.5151],[-100.1992,25.5154],[-100.1993,25.5154],[-100.1993,25.5154],[-100.1994,25.5155],[-100.1996,25.5155],[-100.1999,25.5156],[-100.2004,25.5159],[-100.2016,25.5166],[-100.2018,25.5167],[-100.202,25.5167],[-100.203,25.5167],[-100.204,25.5167],[-100.2043,25.5167],[-100.2046,25.5166],[-100.2049,25.5165],[-100.2052,25.5164],[-100.2061,25.5161],[-100.2062,25.516],[-100.2063,25.5158],[-100.2064,25.5154],[-100.2064,25.5148],[-100.2065,25.5147],[-100.2066,25.5142],[-100.2067,25.514],[-100.2067,25.514],[-100.2067,25.5139],[-100.2067,25.5138],[-100.2067,25.5137],[-100.2068,25.5134],[-100.2068,25.5132],[-100.2073,25.5125],[-100.2076,25.5122],[-100.2081,25.512],[-100.2083,25.512],[-100.2084,25.5119],[-100.2086,25.5118],[-100.2086,25.5117],[-100.2088,25.5113],[-100.2093,25.5108],[-100.2095,25.5106],[-100.2099,25.5103],[-100.2109,25.5096],[-100.2111,25.5091],[-100.2111,25.5091],[-100.2113,25.5087],[-100.2117,25.5081],[-100.2119,25.5079],[-100.2123,25.5075],[-100.2129,25.5071],[-100.2134,25.5067],[-100.2136,25.5066],[-100.2141,25.5065],[-100.2151,25.5064],[-100.2153,25.5064],[-100.2155,25.5062],[-100.2156,25.506],[-100.2157,25.5059],[-100.2159,25.5058],[-100.2161,25.5056],[-100.2164,25.5055],[-100.2167,25.5053],[-100.2172,25.5048],[-100.218,25.5042],[-100.2184,25.5039],[-100.2184,25.5039],[-100.2185,25.5037],[-100.2191,25.5028],[-100.2194,25.5029],[-100.2195,25.5029],[-100.2195,25.5029],[-100.2196,25.5029],[-100.2199,25.5026],[-100.2202,25.5022],[-100.2203,25.502],[-100.2204,25.5019],[-100.2206,25.5018],[-100.2207,25.5018],[-100.2208,25.5017],[-100.221,25.5016],[-100.2211,25.5016],[-100.2214,25.5012],[-100.2219,25.501],[-100.222,25.5008],[-100.2221,25.5007],[-100.2224,25.5007],[-100.2225,25.5006],[-100.2225,25.5006],[-100.2225,25.5006],[-100.2225,25.5006],[-100.2225,25.5006],[-100.2225,25.5006],[-100.2227,25.5005],[-100.2227,25.5004],[-100.2228,25.5004],[-100.2231,25.5004],[-100.2236,25.5003],[-100.2249,25.5002],[-100.2296,25.507],[-100.23,25.5076],[-100.2332,25.5054],[-100.2294,25.5002],[-100.2294,25.4986],[-100.2308,25.4979],[-100.231,25.4976],[-100.2311,25.4974],[-100.2313,25.4973],[-100.2327,25.4963],[-100.2331,25.4961],[-100.2338,25.496],[-100.2352,25.4964],[-100.2357,25.4964],[-100.236,25.4963],[-100.2379,25.4954],[-100.2382,25.495],[-100.2388,25.4951],[-100.2419,25.4928],[-100.2421,25.492],[-100.2429,25.4916],[-100.2447,25.4897],[-100.2496,25.4878],[-100.2502,25.4872],[-100.2514,25.4856],[-100.2522,25.4846],[-100.2538,25.484],[-100.2553,25.4836],[-100.2566,25.4828],[-100.2576,25.4821],[-100.258,25.4828],[-100.2584,25.484],[-100.2602,25.4856],[-100.261,25.4878],[-100.2607,25.4883],[-100.2614,25.4896],[-100.2622,25.4909],[-100.2659,25.4975],[-100.2661,25.4979],[-100.267,25.4984],[-100.2704,25.4994],[-100.2725,25.5006],[-100.2734,25.5019],[-100.2734,25.5031],[-100.2729,25.505],[-100.2722,25.5054],[-100.2711,25.506],[-100.271,25.5077],[-100.2722,25.5097],[-100.2746,25.5124],[-100.2756,25.5136],[-100.2762,25.5152],[-100.2781,25.5195],[-100.2854,25.5229],[-100.2866,25.5236],[-100.2878,25.5252],[-100.2879,25.5266],[-100.288,25.5283],[-100.2886,25.5292],[-100.2899,25.5298],[-100.2925,25.5298],[-100.2944,25.5289],[-100.2964,25.5302],[-100.2996,25.5328],[-100.3002,25.5334],[-100.3002,25.5343],[-100.2995,25.5357],[-100.2996,25.5362],[-100.3032,25.5393],[-100.3088,25.5419],[-100.3128,25.5437],[-100.3142,25.5458],[-100.3164,25.5469],[-100.3176,25.5469],[-100.3183,25.5472],[-100.3183,25.5475],[-100.3149,25.5576],[-100.3148,25.5583],[-100.3147,25.5589],[-100.3182,25.5605],[-100.3188,25.5608],[-100.3189,25.5613],[-100.3183,25.5628],[-100.3183,25.5636],[-100.3184,25.564],[-100.3192,25.5656],[-100.3193,25.5668],[-100.3184,25.568],[-100.3178,25.5687],[-100.3165,25.5697],[-100.317,25.5718],[-100.3179,25.5724],[-100.3188,25.5731],[-100.3203,25.5742],[-100.3215,25.5748],[-100.3232,25.5749],[-100.3261,25.5758],[-100.3293,25.5768],[-100.3304,25.5786],[-100.3356,25.5813],[-100.3365,25.5821],[-100.3369,25.583],[-100.3386,25.5849],[-100.34,25.5854],[-100.3419,25.5862],[-100.3421,25.5864],[-100.342,25.5867],[-100.3419,25.587],[-100.3423,25.5873],[-100.3427,25.5877],[-100.3444,25.5889],[-100.3444,25.5893],[-100.3441,25.5898],[-100.3342,25.6069],[-100.3336,25.6079],[-100.3325,25.6144],[-100.3325,25.6144],[-100.3266,25.6201],[-100.3266,25.6201],[-100.3266,25.6202],[-100.3224,25.6282],[-100.3224,25.6282],[-100.3224,25.6282],[-100.3192,25.6353],[-100.3191,25.6354],[-100.319,25.6356],[-100.3189,25.6356],[-100.3188,25.6357],[-100.3188,25.6357],[-100.3188,25.6357],[-100.3188,25.6361],[-100.3188,25.6362],[-100.3188,25.6362],[-100.3188,25.6364],[-100.3188,25.6364],[-100.3189,25.6365],[-100.3189,25.6366],[-100.3189,25.6366],[-100.3189,25.6366],[-100.3187,25.6369],[-100.3187,25.6369],[-100.3184,25.6374],[-100.3184,25.6374],[-100.3182,25.6376],[-100.3182,25.6376],[-100.318,25.6379],[-100.318,25.6379],[-100.318,25.638],[-100.318,25.6381],[-100.318,25.6381],[-100.318,25.6381],[-100.3182,25.6382],[-100.3182,25.6382],[-100.3182,25.6382],[-100.3177,25.6388],[-100.3177,25.6388],[-100.3168,25.6401],[-100.3164,25.6405],[-100.3164,25.6406],[-100.3163,25.6406],[-100.3163,25.6406],[-100.3163,25.6406],[-100.3163,25.6406],[-100.3162,25.6407],[-100.3162,25.6407],[-100.3162,25.6407],[-100.3162,25.6407],[-100.3162,25.6408],[-100.3162,25.6408],[-100.3162,25.6408],[-100.3162,25.6408],[-100.3161,25.6409],[-100.3161,25.6409],[-100.3161,25.6409],[-100.3158,25.6407],[-100.3158,25.6407],[-100.3158,25.6407],[-100.3158,25.6407],[-100.3158,25.6407],[-100.3154,25.6412],[-100.3154,25.6412],[-100.3152,25.6415],[-100.3152,25.6415],[-100.3151,25.6417],[-100.3151,25.6418],[-100.315,25.642],[-100.315,25.642],[-100.315,25.642],[-100.3149,25.642],[-100.3149,25.642],[-100.3149,25.642],[-100.3148,25.642],[-100.3146,25.6424],[-100.3146,25.6424],[-100.3146,25.6424],[-100.3159,25.643],[-100.3159,25.643],[-100.3159,25.643],[-100.3157,25.6433],[-100.3157,25.6433],[-100.3153,25.6431],[-100.3146,25.6428],[-100.3146,25.6428],[-100.3146,25.6429],[-100.3146,25.6429],[-100.3144,25.6431],[-100.3142,25.6433],[-100.3142,25.6434],[-100.314,25.6436],[-100.314,25.6436],[-100.314,25.6436],[-100.3139,25.6438],[-100.3137,25.6441],[-100.3137,25.6441],[-100.3136,25.6443],[-100.3135,25.6445],[-100.3135,25.6445],[-100.3135,25.6445],[-100.3136,25.6445],[-100.3136,25.6445],[-100.3136,25.6445],[-100.3136,25.6445],[-100.3135,25.6447],[-100.3135,25.6447],[-100.3135,25.6447],[-100.3133,25.645],[-100.3132,25.645],[-100.3132,25.645],[-100.3132,25.645],[-100.3126,25.6462],[-100.3126,25.6463],[-100.3126,25.6463],[-100.3129,25.647],[-100.3129,25.647],[-100.313,25.647],[-100.3137,25.6473],[-100.3145,25.6477],[-100.3155,25.6483],[-100.316,25.6486],[-100.3163,25.6489],[-100.3165,25.649],[-100.3179,25.6499],[-100.3179,25.6499],[-100.3188,25.6503],[-100.3189,25.6505],[-100.3201,25.6517],[-100.3211,25.6525],[-100.3214,25.6527],[-100.3216,25.6528],[-100.3216,25.6528],[-100.3237,25.6533],[-100.3239,25.6534],[-100.3242,25.6535],[-100.3245,25.6536],[-100.3249,25.6536],[-100.3251,25.6537],[-100.3252,25.6537],[-100.3252,25.6537],[-100.3253,25.6537],[-100.3253,25.6537],[-100.3253,25.6537],[-100.3254,25.6537],[-100.3255,25.6538],[-100.3257,25.6539],[-100.3257,25.6539],[-100.3258,25.6538],[-100.3258,25.6538],[-100.3261,25.6539],[-100.3261,25.6539],[-100.3263,25.6538],[-100.3263,25.6538],[-100.3263,25.6537],[-100.3268,25.653],[-100.3268,25.653],[-100.3269,25.653],[-100.327,25.653],[-100.3271,25.6531],[-100.3271,25.6531],[-100.3271,25.6531],[-100.3272,25.6531],[-100.3273,25.6532],[-100.3273,25.6532],[-100.3273,25.6532],[-100.3272,25.6534],[-100.3272,25.6534],[-100.3272,25.6534],[-100.3271,25.6536],[-100.3271,25.6536],[-100.3271,25.6536],[-100.3271,25.6536],[-100.3271,25.6536],[-100.3272,25.6536],[-100.3276,25.6536],[-100.3276,25.6536],[-100.3278,25.6537],[-100.328,25.6537],[-100.328,25.6537],[-100.3281,25.6537],[-100.3282,25.6538],[-100.3285,25.654],[-100.3287,25.6541],[-100.3292,25.6542],[-100.3293,25.6542],[-100.3295,25.6543],[-100.3295,25.6543],[-100.3299,25.6544],[-100.3303,25.6545],[-100.3305,25.6546],[-100.3308,25.6547],[-100.3311,25.6549],[-100.3315,25.6551],[-100.3315,25.6552],[-100.3315,25.6553],[-100.3315,25.6555],[-100.3315,25.6557],[-100.3316,25.6558],[-100.3319,25.6561],[-100.332,25.6562],[-100.3321,25.6564],[-100.3323,25.6565],[-100.3324,25.6567],[-100.3327,25.6568],[-100.3328,25.6568],[-100.3328,25.6568],[-100.3333,25.6568],[-100.3334,25.6568],[-100.3334,25.6568],[-100.3336,25.6568],[-100.3338,25.6569],[-100.3338,25.6569],[-100.3339,25.657],[-100.334,25.6571],[-100.3342,25.6572],[-100.3343,25.6573],[-100.3352,25.6577],[-100.336,25.6581],[-100.3361,25.6582],[-100.3365,25.6584],[-100.3366,25.6584],[-100.3367,25.6584],[-100.3378,25.659],[-100.3389,25.6596],[-100.3397,25.6601],[-100.3408,25.6606],[-100.3412,25.6608],[-100.3415,25.661],[-100.3422,25.6615],[-100.3424,25.6616],[-100.3432,25.6619],[-100.3439,25.6621],[-100.3444,25.6623],[-100.3447,25.6623],[-100.3451,25.6624],[-100.3455,25.6625],[-100.3465,25.6628],[-100.3465,25.6628],[-100.3465,25.6628],[-100.3466,25.6628],[-100.3467,25.6627],[-100.3467,25.6626],[-100.3467,25.6626],[-100.3468,25.6628],[-100.3468,25.6628],[-100.3469,25.6628],[-100.3469,25.6629],[-100.3469,25.6629],[-100.3469,25.6629],[-100.3469,25.6629],[-100.3469,25.6629],[-100.3473,25.663],[-100.3473,25.663],[-100.3476,25.6631],[-100.3476,25.6631],[-100.3476,25.6631],[-100.3475,25.6632],[-100.3475,25.6634],[-100.3475,25.6634],[-100.3474,25.6634],[-100.3474,25.6634],[-100.3485,25.664],[-100.3485,25.6641],[-100.3489,25.6642],[-100.349,25.6642],[-100.349,25.6642],[-100.3492,25.6641],[-100.3493,25.6641],[-100.3493,25.6641],[-100.3494,25.6641],[-100.3494,25.6641],[-100.3494,25.6641],[-100.3494,25.6641],[-100.3494,25.6642],[-100.3494,25.6642],[-100.3494,25.6642],[-100.3501,25.6643],[-100.3502,25.6644],[-100.3506,25.6648],[-100.3506,25.6648],[-100.3509,25.6646],[-100.3515,25.6642],[-100.3516,25.6642],[-100.3516,25.6642],[-100.3518,25.6642],[-100.354,25.6655],[-100.3544,25.6657],[-100.355,25.6657],[-100.3554,25.6658],[-100.3556,25.666],[-100.3556,25.666],[-100.3558,25.6662],[-100.356,25.6663],[-100.3562,25.6665],[-100.3568,25.6668],[-100.3577,25.6673],[-100.3578,25.6673],[-100.3581,25.6675],[-100.3582,25.6675],[-100.3595,25.6681],[-100.3601,25.6685],[-100.3634,25.671],[-100.3635,25.6711],[-100.3635,25.6711],[-100.3639,25.6705],[-100.3643,25.6701],[-100.3646,25.6696],[-100.3651,25.6692],[-100.3652,25.669],[-100.3653,25.669],[-100.3655,25.6688],[-100.3657,25.6686],[-100.3659,25.6684],[-100.3661,25.6683],[-100.3664,25.6682],[-100.3668,25.6681],[-100.3668,25.6681],[-100.3671,25.668],[-100.3671,25.668],[-100.3673,25.668],[-100.3678,25.668],[-100.3679,25.668],[-100.3679,25.668],[-100.368,25.668],[-100.3685,25.668],[-100.3686,25.668],[-100.3686,25.668],[-100.3686,25.668],[-100.3692,25.668],[-100.3692,25.668],[-100.3703,25.668],[-100.3703,25.668],[-100.3714,25.668],[-100.3721,25.668],[-100.3729,25.6679],[-100.3736,25.6678],[-100.374,25.6678],[-100.3746,25.6678],[-100.375,25.6678],[-100.3763,25.6678],[-100.3772,25.6678],[-100.3788,25.6678],[-100.379,25.6677],[-100.38,25.6677],[-100.38,25.6677],[-100.38,25.6677],[-100.38,25.6677],[-100.3801,25.6677],[-100.3802,25.6677],[-100.3802,25.6677],[-100.3804,25.6678],[-100.3809,25.6678],[-100.3815,25.668],[-100.3819,25.6682],[-100.3821,25.6683],[-100.3827,25.6685],[-100.3831,25.6688],[-100.3835,25.6691],[-100.3835,25.6691],[-100.3835,25.6691],[-100.3834,25.6694],[-100.3833,25.6695],[-100.383,25.6698],[-100.383,25.6698],[-100.3832,25.6698],[-100.3833,25.6698],[-100.3845,25.6701],[-100.3851,25.6702],[-100.3859,25.6704],[-100.3865,25.6707],[-100.3875,25.6711],[-100.3887,25.6716],[-100.3911,25.6722],[-100.3922,25.6725],[-100.3927,25.6726],[-100.3954,25.6732],[-100.3954,25.6732],[-100.396,25.6736],[-100.3962,25.6737],[-100.3963,25.6737],[-100.3964,25.6738],[-100.3965,25.6739],[-100.3966,25.6739],[-100.3967,25.674],[-100.3968,25.674],[-100.3969,25.6741],[-100.397,25.6742],[-100.3972,25.6743],[-100.3973,25.6744],[-100.3974,25.6745],[-100.3975,25.6746],[-100.3976,25.6746],[-100.3976,25.6749],[-100.3977,25.6758],[-100.3977,25.6759],[-100.3977,25.676],[-100.3979,25.6761],[-100.3979,25.6761],[-100.3979,25.6762],[-100.3979,25.6762],[-100.3979,25.6763],[-100.3979,25.6768],[-100.3979,25.6768],[-100.3979,25.6768],[-100.3982,25.6768],[-100.3982,25.6768],[-100.3981,25.6773],[-100.3981,25.6774],[-100.398,25.6776],[-100.398,25.6779],[-100.398,25.678],[-100.3979,25.6782],[-100.3979,25.6782],[-100.3979,25.6782],[-100.3976,25.6781],[-100.3976,25.6781],[-100.3976,25.6781],[-100.3976,25.6782],[-100.3976,25.6782],[-100.3976,25.6782],[-100.3976,25.6782],[-100.3976,25.6783],[-100.3976,25.6784],[-100.3976,25.6784],[-100.3976,25.6784],[-100.3977,25.6784],[-100.3977,25.679],[-100.3977,25.679],[-100.3977,25.6795],[-100.3977,25.6796],[-100.3977,25.6945],[-100.4016,25.6989],[-100.4024,25.7008],[-100.4037,25.7025],[-100.4044,25.7029],[-100.4058,25.7039],[-100.4069,25.7046],[-100.4096,25.7046],[-100.4102,25.7051],[-100.4103,25.7061],[-100.411,25.7068],[-100.4114,25.7076],[-100.4135,25.7079],[-100.415,25.7088],[-100.4149,25.7092],[-100.4156,25.7095],[-100.416,25.7094],[-100.4164,25.7093],[-100.4173,25.7097],[-100.4176,25.7098],[-100.4183,25.71],[-100.4189,25.7102],[-100.4189,25.7108],[-100.4194,25.711],[-100.4203,25.711],[-100.4207,25.7111],[-100.4213,25.7114],[-100.4215,25.7117],[-100.4217,25.7119],[-100.4218,25.7122],[-100.4226,25.7121],[-100.4232,25.7124],[-100.4233,25.7129],[-100.4233,25.7133],[-100.423,25.7136],[-100.4235,25.7139],[-100.425,25.7148],[-100.4275,25.7157],[-100.4288,25.7158],[-100.4307,25.7161],[-100.4316,25.7164],[-100.4319,25.7163],[-100.4323,25.7167],[-100.4327,25.717],[-100.4331,25.7171],[-100.4336,25.7173],[-100.4344,25.7175],[-100.4365,25.7186],[-100.4367,25.7186],[-100.4395,25.72],[-100.4403,25.7202],[-100.4413,25.7205],[-100.4416,25.7205],[-100.4346,25.739],[-100.4338,25.7412],[-100.433,25.7433],[-100.4322,25.7455],[-100.4322,25.7455],[-100.4317,25.7469],[-100.4304,25.7501],[-100.4304,25.7502],[-100.4304,25.7503],[-100.4304,25.7503],[-100.4304,25.7504],[-100.4303,25.7504],[-100.4303,25.7506],[-100.4289,25.754],[-100.4289,25.7542],[-100.4273,25.7582],[-100.4273,25.7583],[-100.427,25.759],[-100.427,25.759],[-100.4258,25.7622],[-100.4257,25.7622],[-100.4257,25.7622],[-100.4256,25.7626],[-100.4256,25.7626],[-100.4254,25.763],[-100.4254,25.763],[-100.4253,25.7634],[-100.4251,25.7638],[-100.425,25.7642],[-100.4248,25.7646],[-100.4247,25.765],[-100.4245,25.7654],[-100.4234,25.7684],[-100.4234,25.7684],[-100.4232,25.7686],[-100.4232,25.7687],[-100.4232,25.7687],[-100.4232,25.7689],[-100.4232,25.7689],[-100.4222,25.7711],[-100.4221,25.7713],[-100.4221,25.7713],[-100.4221,25.7713],[-100.4209,25.7744],[-100.4209,25.7744],[-100.42,25.7767],[-100.42,25.7767],[-100.42,25.7767],[-100.4187,25.7801],[-100.4187,25.7801],[-100.4187,25.7803],[-100.4185,25.7806],[-100.4185,25.7806],[-100.4184,25.7809],[-100.4184,25.7809],[-100.4184,25.7809],[-100.4184,25.7809],[-100.4184,25.7809],[-100.4183,25.7813],[-100.4182,25.7816],[-100.4181,25.7819],[-100.418,25.7819],[-100.418,25.782],[-100.418,25.782],[-100.4179,25.7823],[-100.4179,25.7823],[-100.4179,25.7823],[-100.4179,25.7823],[-100.4179,25.7823],[-100.4179,25.7823],[-100.4179,25.7823],[-100.4179,25.7823],[-100.4179,25.7823],[-100.4177,25.7827],[-100.4176,25.7831],[-100.4174,25.7836],[-100.4169,25.7849],[-100.4169,25.7849],[-100.4169,25.7849],[-100.4163,25.7865],[-100.4163,25.7865],[-100.4163,25.7866],[-100.4163,25.7866],[-100.4163,25.7866],[-100.4162,25.7868],[-100.4162,25.7868],[-100.4162,25.7868],[-100.416,25.7872],[-100.416,25.7872],[-100.4159,25.7875],[-100.4159,25.7875],[-100.4158,25.7878],[-100.4158,25.7878],[-100.4156,25.7883],[-100.4156,25.7883],[-100.4156,25.7883],[-100.4156,25.7883],[-100.4156,25.7885],[-100.4156,25.7885],[-100.4155,25.7887],[-100.4155,25.7887],[-100.4155,25.7887],[-100.4155,25.7887],[-100.4154,25.7888],[-100.4154,25.7888],[-100.4153,25.7891],[-100.4153,25.7891],[-100.4153,25.7891],[-100.4154,25.7893],[-100.4154,25.7894],[-100.4154,25.7894],[-100.4152,25.7894],[-100.4151,25.7895],[-100.4139,25.7895],[-100.4128,25.7895],[-100.4111,25.7903],[-100.4102,25.791],[-100.4096,25.7915],[-100.4096,25.7915],[-100.4089,25.792],[-100.4063,25.7942],[-100.4049,25.7958],[-100.4042,25.7961],[-100.4041,25.7963],[-100.404,25.7963],[-100.4039,25.7964],[-100.4038,25.7964],[-100.4037,25.7965],[-100.4036,25.7965],[-100.4035,25.7965],[-100.4034,25.7966],[-100.4033,25.7966],[-100.4032,25.7966],[-100.4031,25.7966],[-100.403,25.7966],[-100.4029,25.7965],[-100.4029,25.7965],[-100.4028,25.7965],[-100.4014,25.796],[-100.4014,25.796],[-100.4014,25.796],[-100.4009,25.7959],[-100.4008,25.7958],[-100.4007,25.7958],[-100.3992,25.7951],[-100.3981,25.7942],[-100.3978,25.794],[-100.3976,25.7938],[-100.3974,25.7936],[-100.3971,25.7935],[-100.397,25.7934],[-100.3968,25.7933],[-100.3967,25.7933],[-100.3965,25.7932],[-100.3962,25.7931],[-100.3959,25.7931],[-100.3957,25.7931],[-100.3948,25.7929],[-100.3946,25.7929],[-100.394,25.7928],[-100.394,25.7928],[-100.3937,25.7928],[-100.3934,25.7928],[-100.3931,25.7928],[-100.3929,25.7928],[-100.3928,25.7929],[-100.3926,25.7929],[-100.3923,25.793],[-100.3922,25.7931],[-100.392,25.7932],[-100.392,25.7932],[-100.3914,25.7935],[-100.3908,25.7938],[-100.3902,25.7942],[-100.3899,25.7945],[-100.3898,25.7946],[-100.3898,25.7946],[-100.3883,25.7959],[-100.3877,25.7966],[-100.3875,25.797],[-100.3872,25.7973],[-100.387,25.7973]]]]},"properties":{"cveMuni":"19039","nombre":"Monterrey"}},{"type":"Feature","geometry":{"type":"MultiPolygon","coordinates":[[[[-100.425,25.7148],[-100.4235,25.7139],[-100.423,25.7136],[-100.4233,25.7133],[-100.4233,25.7129],[-100.4232,25.7124],[-100.4226,25.7121],[-100.4218,25.7122],[-100.4217,25.7119],[-100.4215,25.7117],[-100.4213,25.7114],[-100.4207,25.7111],[-100.4203,25.711],[-100.4194,25.711],[-100.4189,25.7108],[-100.4189,25.7102],[-100.4183,25.71],[-100.4176,25.7098],[-100.4173,25.7097],[-100.4164,25.7093],[-100.416,25.7094],[-100.4156,25.7095],[-100.4149,25.7092],[-100.415,25.7088],[-100.4135,25.7079],[-100.4114,25.7076],[-100.411,25.7068],[-100.4103,25.7061],[-100.4102,25.7051],[-100.4096,25.7046],[-100.4069,25.7046],[-100.4058,25.7039],[-100.4044,25.7029],[-100.4037,25.7025],[-100.4024,25.7008],[-100.4016,25.6989],[-100.3977,25.6945],[-100.3977,25.6796],[-100.3977,25.6795],[-100.3977,25.679],[-100.3977,25.679],[-100.3977,25.6784],[-100.3976,25.6784],[-100.3976,25.6784],[-100.3976,25.6784],[-100.3976,25.6783],[-100.3976,25.6782],[-100.3976,25.6782],[-100.3976,25.6782],[-100.3976,25.6782],[-100.3976,25.6781],[-100.3976,25.6781],[-100.3976,25.6781],[-100.3979,25.6782],[-100.3979,25.6782],[-100.3979,25.6782],[-100.398,25.678],[-100.398,25.6779],[-100.398,25.6776],[-100.3981,25.6774],[-100.3981,25.6773],[-100.3982,25.6768],[-100.3982,25.6768],[-100.3979,25.6768],[-100.3979,25.6768],[-100.3979,25.6768],[-100.3979,25.6763],[-100.3979,25.6762],[-100.3979,25.6762],[-100.3979,25.6761],[-100.3979,25.6761],[-100.3977,25.676],[-100.3977,25.6759],[-100.3977,25.6758],[-100.3976,25.6749],[-100.3976,25.6746],[-100.3975,25.6746],[-100.3974,25.6745],[-100.3973,25.6744],[-100.3972,25.6743],[-100.397,25.6742],[-100.3969,25.6741],[-100.3968,25.674],[-100.3967,25.674],[-100.3966,25.6739],[-100.3965,25.6739],[-100.3964,25.6738],[-100.3963,25.6737],[-100.3962,25.6737],[-100.396,25.6736],[-100.3954,25.6732],[-100.3954,25.6732],[-100.3927,25.6726],[-100.3922,25.6725],[-100.3911,25.6722],[-100.3887,25.6716],[-100.3875,25.6711],[-100.3865,25.6707],[-100.3859,25.6704],[-100.3851,25.6702],[-100.3845,25.6701],[-100.3833,25.6698],[-100.3832,25.6698],[-100.383,25.6698],[-100.383,25.6698],[-100.3833,25.6695],[-100.3834,25.6694],[-100.3835,25.6691],[-100.3835,25.6691],[-100.3835,25.6691],[-100.3831,25.6688],[-100.3827,25.6685],[-100.3821,25.6683],[-100.3819,25.6682],[-100.3815,25.668],[-100.3809,25.6678],[-100.3804,25.6678],[-100.3802,25.6677],[-100.3802,25.6677],[-100.3801,25.6677],[-100.38,25.6677],[-100.38,25.6677],[-100.38,25.6677],[-100.38,25.6677],[-100.379,25.6677],[-100.3788,25.6678],[-100.3772,25.6678],[-100.3763,25.6678],[-100.375,25.6678],[-100.3746,25.6678],[-100.374,25.6678],[-100.3736,25.6678],[-100.3729,25.6679],[-100.3721,25.668],[-100.3714,25.668],[-100.3703,25.668],[-100.3703,25.668],[-100.3692,25.668],[-100.3692,25.668],[-100.3686,25.668],[-100.3686,25.668],[-100.3686,25.668],[-100.3685,25.668],[-100.368,25.668],[-100.3679,25.668],[-100.3679,25.668],[-100.3678,25.668],[-100.3673,25.668],[-100.3671,25.668],[-100.3671,25.668],[-100.3668,25.6681],[-100.3668,25.6681],[-100.3664,25.6682],[-100.3661,25.6683],[-100.3659,25.6684],[-100.3657,25.6686],[-100.3655,25.6688],[-100.3653,25.669],[-100.3652,25.669],[-100.3651,25.6692],[-100.3646,25.6696],[-100.3643,25.6701],[-100.3639,25.6705],[-100.3635,25.6711],[-100.3635,25.6711],[-100.3634,25.671],[-100.3601,25.6685],[-100.3595,25.6681],[-100.3582,25.6675],[-100.3581,25.6675],[-100.3578,25.6673],[-100.3577,25.6673],[-100.3568,25.6668],[-100.3562,25.6665],[-100.356,25.6663],[-100.3558,25.6662],[-100.3556,25.666],[-100.3556,25.666],[-100.3554,25.6658],[-100.355,25.6657],[-100.3544,25.6657],[-100.354,25.6655],[-100.3518,25.6642],[-100.3516,25.6642],[-100.3516,25.6642],[-100.3515,25.6642],[-100.3509,25.6646],[-100.3506,25.6648],[-100.3506,25.6648],[-100.3502,25.6644],[-100.3501,25.6643],[-100.3494,25.6642],[-100.3494,25.6642],[-100.3494,25.6642],[-100.3494,25.6641],[-100.3494,25.6641],[-100.3494,25.6641],[-100.3494,25.6641],[-100.3493,25.6641],[-100.3493,25.6641],[-100.3492,25.6641],[-100.349,25.6642],[-100.349,25.6642],[-100.3489,25.6642],[-100.3485,25.6641],[-100.3485,25.664],[-100.3474,25.6634],[-100.3474,25.6634],[-100.3475,25.6634],[-100.3475,25.6634],[-100.3475,25.6632],[-100.3476,25.6631],[-100.3476,25.6631],[-100.3476,25.6631],[-100.3473,25.663],[-100.3473,25.663],[-100.3469,25.6629],[-100.3469,25.6629],[-100.3469,25.6629],[-100.3469,25.6629],[-100.3469,25.6629],[-100.3469,25.6628],[-100.3468,25.6628],[-100.3468,25.6628],[-100.3467,25.6626],[-100.3467,25.6626],[-100.3467,25.6627],[-100.3466,25.6628],[-100.3465,25.6628],[-100.3465,25.6628],[-100.3465,25.6628],[-100.3455,25.6625],[-100.3451,25.6624],[-100.3447,25.6623],[-100.3444,25.6623],[-100.3439,25.6621],[-100.3432,25.6619],[-100.3424,25.6616],[-100.3422,25.6615],[-100.3415,25.661],[-100.3412,25.6608],[-100.3408,25.6606],[-100.3397,25.6601],[-100.3389,25.6596],[-100.3378,25.659],[-100.3367,25.6584],[-100.3366,25.6584],[-100.3365,25.6584],[-100.3361,25.6582],[-100.336,25.6581],[-100.3352,25.6577],[-100.3343,25.6573],[-100.3342,25.6572],[-100.334,25.6571],[-100.3339,25.657],[-100.3338,25.6569],[-100.3338,25.6569],[-100.3336,25.6568],[-100.3334,25.6568],[-100.3334,25.6568],[-100.3333,25.6568],[-100.3328,25.6568],[-100.3328,25.6568],[-100.3327,25.6568],[-100.3324,25.6567],[-100.3323,25.6565],[-100.3321,25.6564],[-100.332,25.6562],[-100.3319,25.6561],[-100.3316,25.6558],[-100.3315,25.6557],[-100.3315,25.6555],[-100.3315,25.6553],[-100.3315,25.6552],[-100.3315,25.6551],[-100.3311,25.6549],[-100.3308,25.6547],[-100.3305,25.6546],[-100.3303,25.6545],[-100.3299,25.6544],[-100.3295,25.6543],[-100.3295,25.6543],[-100.3293,25.6542],[-100.3292,25.6542],[-100.3287,25.6541],[-100.3285,25.654],[-100.3282,25.6538],[-100.3281,25.6537],[-100.328,25.6537],[-100.328,25.6537],[-100.3278,25.6537],[-100.3276,25.6536],[-100.3276,25.6536],[-100.3272,25.6536],[-100.3271,25.6536],[-100.3271,25.6536],[-100.3271,25.6536],[-100.3271,25.6536],[-100.3271,25.6536],[-100.3272,25.6534],[-100.3272,25.6534],[-100.3272,25.6534],[-100.3273,25.6532],[-100.3273,25.6532],[-100.3273,25.6532],[-100.3272,25.6531],[-100.3271,25.6531],[-100.3271,25.6531],[-100.3271,25.6531],[-100.327,25.653],[-100.3269,25.653],[-100.3268,25.653],[-100.3268,25.653],[-100.3263,25.6537],[-100.3263,25.6538],[-100.3263,25.6538],[-100.3261,25.6539],[-100.3261,25.6539],[-100.3258,25.6538],[-100.3258,25.6538],[-100.3257,25.6539],[-100.3257,25.6539],[-100.3255,25.6538],[-100.3254,25.6537],[-100.3253,25.6537],[-100.3253,25.6537],[-100.3253,25.6537],[-100.3252,25.6537],[-100.3252,25.6537],[-100.3251,25.6537],[-100.3249,25.6536],[-100.3245,25.6536],[-100.3242,25.6535],[-100.3239,25.6534],[-100.3237,25.6533],[-100.3216,25.6528],[-100.3216,25.6528],[-100.3214,25.6527],[-100.3211,25.6525],[-100.3201,25.6517],[-100.3189,25.6505],[-100.3188,25.6503],[-100.3179,25.6499],[-100.3179,25.6499],[-100.3165,25.649],[-100.3163,25.6489],[-100.316,25.6486],[-100.3155,25.6483],[-100.3145,25.6477],[-100.3137,25.6473],[-100.313,25.647],[-100.3129,25.647],[-100.3129,25.647],[-100.3126,25.6463],[-100.3126,25.6463],[-100.3126,25.6462],[-100.3132,25.645],[-100.3132,25.645],[-100.3132,25.645],[-100.3133,25.645],[-100.3135,25.6447],[-100.3135,25.6447],[-100.3135,25.6447],[-100.3136,25.6445],[-100.3136,25.6445],[-100.3136,25.6445],[-100.3136,25.6445],[-100.3135,25.6445],[-100.3135,25.6445],[-100.3135,25.6445],[-100.3136,25.6443],[-100.3137,25.6441],[-100.3137,25.6441],[-100.3139,25.6438],[-100.314,25.6436],[-100.314,25.6436],[-100.314,25.6436],[-100.3142,25.6434],[-100.3142,25.6433],[-100.3144,25.6431],[-100.3146,25.6429],[-100.3146,25.6429],[-100.3146,25.6428],[-100.3146,25.6428],[-100.3153,25.6431],[-100.3157,25.6433],[-100.3157,25.6433],[-100.3159,25.643],[-100.3159,25.643],[-100.3159,25.643],[-100.3146,25.6424],[-100.3146,25.6424],[-100.3146,25.6424],[-100.3148,25.642],[-100.3149,25.642],[-100.3149,25.642],[-100.3149,25.642],[-100.315,25.642],[-100.315,25.642],[-100.315,25.642],[-100.3151,25.6418],[-100.3151,25.6417],[-100.3152,25.6415],[-100.3152,25.6415],[-100.3154,25.6412],[-100.3154,25.6412],[-100.3158,25.6407],[-100.3158,25.6407],[-100.3158,25.6407],[-100.3158,25.6407],[-100.3158,25.6407],[-100.3161,25.6409],[-100.3161,25.6409],[-100.3161,25.6409],[-100.3162,25.6408],[-100.3162,25.6408],[-100.3162,25.6408],[-100.3162,25.6408],[-100.3162,25.6407],[-100.3162,25.6407],[-100.3162,25.6407],[-100.3162,25.6407],[-100.3163,25.6406],[-100.3163,25.6406],[-100.3163,25.6406],[-100.3163,25.6406],[-100.3164,25.6406],[-100.3164,25.6405],[-100.3168,25.6401],[-100.3177,25.6388],[-100.3177,25.6388],[-100.3182,25.6382],[-100.3182,25.6382],[-100.3182,25.6382],[-100.318,25.6381],[-100.318,25.6381],[-100.318,25.6381],[-100.318,25.638],[-100.318,25.6379],[-100.318,25.6379],[-100.3182,25.6376],[-100.3182,25.6376],[-100.3184,25.6374],[-100.3184,25.6374],[-100.3187,25.6369],[-100.3187,25.6369],[-100.3189,25.6366],[-100.3189,25.6366],[-100.3189,25.6366],[-100.3189,25.6365],[-100.3188,25.6364],[-100.3188,25.6364],[-100.3188,25.6362],[-100.3188,25.6362],[-100.3188,25.6361],[-100.3188,25.6357],[-100.3188,25.6357],[-100.3188,25.6357],[-100.3189,25.6356],[-100.319,25.6356],[-100.3191,25.6354],[-100.3192,25.6353],[-100.3224,25.6282],[-100.3224,25.6282],[-100.3224,25.6282],[-100.3266,25.6202],[-100.3266,25.6201],[-100.3266,25.6201],[-100.3325,25.6144],[-100.3325,25.6144],[-100.3336,25.6079],[-100.3342,25.6069],[-100.3441,25.5898],[-100.3451,25.5903],[-100.3607,25.5999],[-100.3613,25.5997],[-100.3617,25.6],[-100.3621,25.6],[-100.3633,25.6007],[-100.3645,25.6015],[-100.3665,25.6033],[-100.3668,25.6034],[-100.3675,25.6035],[-100.3681,25.6039],[-100.3691,25.6048],[-100.3686,25.6054],[-100.372,25.6072],[-100.3778,25.6102],[-100.3811,25.6115],[-100.3852,25.6137],[-100.3866,25.6142],[-100.3875,25.6148],[-100.3889,25.616],[-100.3916,25.6174],[-100.3919,25.6177],[-100.3917,25.6183],[-100.3918,25.6185],[-100.396,25.6204],[-100.3962,25.6209],[-100.3962,25.6213],[-100.3979,25.6219],[-100.3987,25.6221],[-100.3995,25.6223],[-100.4008,25.623],[-100.4062,25.6258],[-100.408,25.6266],[-100.4093,25.6273],[-100.4104,25.6281],[-100.4123,25.6292],[-100.4165,25.6318],[-100.4166,25.6322],[-100.4174,25.6327],[-100.4176,25.6327],[-100.4178,25.6327],[-100.4183,25.6328],[-100.4185,25.633],[-100.4187,25.633],[-100.419,25.6331],[-100.4195,25.6332],[-100.4197,25.6334],[-100.4199,25.6335],[-100.42,25.6338],[-100.4203,25.6343],[-100.4204,25.6344],[-100.4233,25.6357],[-100.4237,25.636],[-100.4246,25.6366],[-100.4246,25.6371],[-100.4246,25.6373],[-100.4248,25.6375],[-100.425,25.6378],[-100.4257,25.6384],[-100.4249,25.6404],[-100.4244,25.6417],[-100.4241,25.643],[-100.424,25.6442],[-100.4239,25.6461],[-100.4226,25.6554],[-100.4219,25.6591],[-100.4219,25.6594],[-100.4218,25.6602],[-100.4217,25.6607],[-100.4217,25.6608],[-100.4215,25.6621],[-100.4215,25.6622],[-100.4212,25.6638],[-100.4211,25.6648],[-100.4211,25.6651],[-100.4211,25.6652],[-100.4211,25.6652],[-100.4211,25.6655],[-100.4202,25.6656],[-100.4199,25.6672],[-100.4198,25.6677],[-100.4197,25.6679],[-100.4197,25.6679],[-100.4196,25.6685],[-100.4197,25.6689],[-100.4198,25.6696],[-100.4198,25.6696],[-100.4199,25.6699],[-100.4199,25.6711],[-100.4201,25.6711],[-100.4201,25.6711],[-100.4202,25.6711],[-100.4202,25.6711],[-100.4194,25.6743],[-100.4194,25.6743],[-100.4198,25.6742],[-100.4201,25.6741],[-100.4204,25.674],[-100.4207,25.674],[-100.4207,25.674],[-100.4206,25.6741],[-100.4205,25.6742],[-100.4202,25.6746],[-100.4202,25.6746],[-100.4201,25.6748],[-100.4198,25.6751],[-100.4197,25.6753],[-100.4196,25.6754],[-100.4196,25.6754],[-100.4195,25.6755],[-100.4195,25.6755],[-100.4195,25.6756],[-100.4193,25.6771],[-100.4191,25.6774],[-100.4187,25.6778],[-100.4186,25.678],[-100.4184,25.6782],[-100.4184,25.6783],[-100.4183,25.6784],[-100.4182,25.6785],[-100.418,25.6788],[-100.418,25.6788],[-100.418,25.6793],[-100.418,25.6796],[-100.418,25.6796],[-100.418,25.6796],[-100.418,25.6798],[-100.4179,25.68],[-100.4179,25.6802],[-100.4179,25.6802],[-100.4179,25.6804],[-100.4178,25.6811],[-100.4178,25.6811],[-100.4177,25.6817],[-100.4177,25.6818],[-100.4177,25.6818],[-100.4176,25.6822],[-100.4176,25.6822],[-100.4176,25.6823],[-100.4176,25.6827],[-100.4176,25.6827],[-100.4175,25.6832],[-100.4175,25.6834],[-100.4174,25.6837],[-100.4174,25.6841],[-100.4174,25.6841],[-100.4173,25.6845],[-100.4173,25.6846],[-100.4173,25.6846],[-100.4171,25.6861],[-100.417,25.6865],[-100.4169,25.6868],[-100.4169,25.6869],[-100.4169,25.6871],[-100.4168,25.6874],[-100.4168,25.6876],[-100.4167,25.6877],[-100.4166,25.6885],[-100.4165,25.6891],[-100.4163,25.6897],[-100.4162,25.6903],[-100.4162,25.6903],[-100.4162,25.6903],[-100.416,25.6913],[-100.416,25.6913],[-100.4165,25.6915],[-100.4168,25.6916],[-100.4168,25.6916],[-100.4168,25.6915],[-100.4168,25.6915],[-100.4169,25.6911],[-100.4169,25.6911],[-100.4171,25.6911],[-100.4172,25.6911],[-100.4172,25.6911],[-100.4174,25.6915],[-100.4174,25.6916],[-100.4175,25.692],[-100.4176,25.6921],[-100.4176,25.6922],[-100.4181,25.6922],[-100.4182,25.6921],[-100.4183,25.6921],[-100.4184,25.6921],[-100.4184,25.6921],[-100.4184,25.6921],[-100.4185,25.6921],[-100.4186,25.6921],[-100.4186,25.6921],[-100.4187,25.6921],[-100.4188,25.6921],[-100.4189,25.6921],[-100.419,25.6921],[-100.4188,25.693],[-100.4188,25.6931],[-100.4191,25.6933],[-100.4191,25.6933],[-100.4194,25.6934],[-100.4201,25.6937],[-100.4208,25.694],[-100.421,25.6941],[-100.4211,25.6942],[-100.4216,25.6945],[-100.4216,25.6945],[-100.4221,25.6946],[-100.422,25.695],[-100.4222,25.695],[-100.4223,25.6951],[-100.4223,25.6952],[-100.4225,25.6952],[-100.4227,25.6952],[-100.423,25.6952],[-100.4225,25.6955],[-100.4225,25.696],[-100.4238,25.701],[-100.4271,25.7143],[-100.4275,25.7157],[-100.425,25.7148]]]]},"properties":{"cveMuni":"19019","nombre":"San Pedro Garza García"}},{"type":"Feature","geometry":{"type":"MultiPolygon","coordinates":[[[[-100.2048,25.7316],[-100.2042,25.7316],[-100.2041,25.7316],[-100.204,25.7315],[-100.2039,25.7315],[-100.2027,25.7314],[-100.2023,25.7313],[-100.2019,25.7313],[-100.2014,25.7312],[-100.201,25.7312],[-100.2006,25.7312],[-100.2002,25.7312],[-100.1998,25.7311],[-100.1991,25.7311],[-100.1989,25.7311],[-100.1987,25.7311],[-100.1971,25.731],[-100.197,25.731],[-100.1966,25.7309],[-100.1962,25.7309],[-100.1952,25.7308],[-100.1949,25.7308],[-100.1946,25.7308],[-100.1941,25.7307],[-100.1941,25.7307],[-100.1933,25.7307],[-100.1928,25.7306],[-100.1928,25.7306],[-100.1928,25.7306],[-100.1913,25.7305],[-100.1913,25.7305],[-100.1909,25.7305],[-100.1901,25.7304],[-100.1899,25.7304],[-100.1899,25.7304],[-100.1899,25.7304],[-100.19,25.7303],[-100.19,25.7303],[-100.19,25.7302],[-100.19,25.7302],[-100.19,25.7302],[-100.19,25.7302],[-100.1895,25.7302],[-100.189,25.7302],[-100.189,25.7302],[-100.1886,25.7302],[-100.1881,25.7302],[-100.1872,25.7301],[-100.1871,25.7301],[-100.1869,25.7301],[-100.1867,25.7301],[-100.1865,25.7301],[-100.1863,25.7301],[-100.186,25.73],[-100.1856,25.73],[-100.1855,25.73],[-100.1852,25.73],[-100.1848,25.7299],[-100.1847,25.7299],[-100.1843,25.7299],[-100.184,25.7299],[-100.1839,25.7299],[-100.1838,25.7299],[-100.1832,25.7298],[-100.1831,25.7298],[-100.1831,25.7298],[-100.1826,25.7298],[-100.1823,25.7297],[-100.1822,25.7297],[-100.1816,25.7297],[-100.1813,25.7297],[-100.1812,25.7297],[-100.1802,25.7296],[-100.1802,25.7296],[-100.1795,25.7295],[-100.1791,25.7295],[-100.1784,25.7294],[-100.1784,25.7294],[-100.1784,25.7294],[-100.1784,25.7293],[-100.1784,25.7293],[-100.1786,25.7286],[-100.1786,25.7286],[-100.1786,25.7285],[-100.1786,25.7285],[-100.1786,25.7285],[-100.1786,25.7285],[-100.1787,25.7281],[-100.1787,25.7281],[-100.1787,25.7281],[-100.1787,25.7281],[-100.1787,25.728],[-100.1787,25.728],[-100.1788,25.7276],[-100.1788,25.7276],[-100.1788,25.7276],[-100.1788,25.7276],[-100.1788,25.7275],[-100.1788,25.7275],[-100.1789,25.7272],[-100.1789,25.7272],[-100.1789,25.7271],[-100.1789,25.7271],[-100.1789,25.7271],[-100.1789,25.7271],[-100.1789,25.7271],[-100.1789,25.7271],[-100.179,25.7267],[-100.179,25.7267],[-100.179,25.7266],[-100.179,25.7266],[-100.179,25.7266],[-100.179,25.7266],[-100.1791,25.7263],[-100.1791,25.7263],[-100.1791,25.7262],[-100.1791,25.7262],[-100.1792,25.7258],[-100.1792,25.7258],[-100.1792,25.7257],[-100.1792,25.7257],[-100.1792,25.7257],[-100.1792,25.7257],[-100.1792,25.7255],[-100.1792,25.7255],[-100.1793,25.7253],[-100.1793,25.7253],[-100.1793,25.7253],[-100.1793,25.7253],[-100.1793,25.7252],[-100.1793,25.7252],[-100.1794,25.7249],[-100.1794,25.7249],[-100.1794,25.7248],[-100.1794,25.7248],[-100.1794,25.7248],[-100.1794,25.7248],[-100.1794,25.7248],[-100.1794,25.7248],[-100.1795,25.7244],[-100.1795,25.7244],[-100.1795,25.7244],[-100.1795,25.7244],[-100.1795,25.7243],[-100.1795,25.7243],[-100.1797,25.7235],[-100.1797,25.7235],[-100.1797,25.7234],[-100.1797,25.7234],[-100.1797,25.7234],[-100.1797,25.7234],[-100.1797,25.723],[-100.1797,25.723],[-100.1798,25.723],[-100.1798,25.7229],[-100.1798,25.7229],[-100.1798,25.7226],[-100.1798,25.7226],[-100.1799,25.7225],[-100.1799,25.7225],[-100.1799,25.7225],[-100.1799,25.7225],[-100.1799,25.7221],[-100.1799,25.7221],[-100.18,25.7221],[-100.18,25.7221],[-100.18,25.7221],[-100.18,25.7221],[-100.18,25.722],[-100.18,25.722],[-100.18,25.7216],[-100.18,25.7216],[-100.1801,25.7216],[-100.1801,25.7216],[-100.1801,25.7215],[-100.1801,25.7215],[-100.1801,25.7212],[-100.1801,25.7212],[-100.1802,25.7211],[-100.1802,25.7211],[-100.1802,25.7211],[-100.1802,25.7211],[-100.1802,25.7207],[-100.1802,25.7207],[-100.1803,25.7207],[-100.1803,25.7207],[-100.1803,25.7206],[-100.1803,25.7206],[-100.1803,25.7203],[-100.1803,25.7203],[-100.1804,25.7202],[-100.1804,25.7202],[-100.1804,25.7198],[-100.1804,25.7198],[-100.1805,25.7197],[-100.1805,25.7197],[-100.1805,25.7195],[-100.1805,25.7195],[-100.1806,25.7193],[-100.1806,25.7193],[-100.1806,25.7194],[-100.1807,25.7194],[-100.1808,25.7195],[-100.1809,25.7195],[-100.1811,25.7196],[-100.1811,25.7196],[-100.182,25.72],[-100.1823,25.7201],[-100.1825,25.7202],[-100.183,25.7205],[-100.183,25.7205],[-100.183,25.7205],[-100.183,25.7204],[-100.1833,25.7188],[-100.1834,25.7188],[-100.1834,25.7187],[-100.1834,25.7186],[-100.1834,25.7186],[-100.1834,25.7186],[-100.1834,25.7186],[-100.1834,25.7186],[-100.1834,25.7186],[-100.1835,25.7185],[-100.1835,25.7181],[-100.1836,25.7179],[-100.1836,25.7177],[-100.1836,25.7176],[-100.1836,25.7176],[-100.1837,25.7175],[-100.1837,25.7174],[-100.1837,25.7172],[-100.1837,25.7172],[-100.1838,25.7171],[-100.1838,25.7169],[-100.1839,25.7167],[-100.1839,25.7163],[-100.184,25.7162],[-100.184,25.7159],[-100.1841,25.7156],[-100.1841,25.7156],[-100.1841,25.7156],[-100.184,25.7156],[-100.184,25.7156],[-100.184,25.7156],[-100.184,25.7156],[-100.1842,25.7151],[-100.1843,25.7145],[-100.1843,25.7144],[-100.1843,25.7143],[-100.1843,25.7143],[-100.1843,25.7142],[-100.1844,25.7141],[-100.1844,25.7137],[-100.1846,25.713],[-100.1846,25.713],[-100.1846,25.713],[-100.1845,25.713],[-100.1845,25.7129],[-100.1845,25.7129],[-100.1845,25.7129],[-100.1846,25.7128],[-100.1846,25.7125],[-100.1846,25.7125],[-100.1846,25.7124],[-100.1846,25.7124],[-100.1844,25.7124],[-100.1843,25.7123],[-100.1841,25.7122],[-100.1839,25.7122],[-100.1837,25.7121],[-100.1837,25.7121],[-100.1837,25.7121],[-100.1836,25.7122],[-100.1836,25.7122],[-100.1835,25.7122],[-100.1833,25.7122],[-100.1832,25.7123],[-100.1831,25.7124],[-100.1829,25.7126],[-100.1825,25.713],[-100.1825,25.713],[-100.1813,25.7131],[-100.1813,25.7131],[-100.1813,25.7131],[-100.1811,25.7131],[-100.1809,25.713],[-100.1808,25.7129],[-100.1808,25.7129],[-100.1804,25.7123],[-100.1802,25.7121],[-100.1801,25.7121],[-100.1801,25.7121],[-100.1799,25.7121],[-100.1799,25.7121],[-100.1799,25.7121],[-100.1795,25.7121],[-100.1795,25.7121],[-100.1793,25.7121],[-100.1791,25.7121],[-100.1789,25.712],[-100.1788,25.712],[-100.1787,25.7119],[-100.1787,25.7119],[-100.1786,25.7118],[-100.1785,25.7118],[-100.1785,25.7118],[-100.1785,25.7118],[-100.1784,25.7119],[-100.1783,25.7119],[-100.178,25.7119],[-100.178,25.7119],[-100.178,25.7119],[-100.1778,25.7119],[-100.1776,25.7119],[-100.1772,25.7118],[-100.1767,25.7116],[-100.1765,25.7116],[-100.1765,25.7116],[-100.1765,25.7116],[-100.1765,25.7116],[-100.1765,25.7116],[-100.1765,25.7116],[-100.1767,25.7115],[-100.1768,25.7115],[-100.177,25.7113],[-100.1771,25.7112],[-100.1773,25.7111],[-100.1776,25.7107],[-100.1776,25.7107],[-100.1777,25.7107],[-100.1778,25.7104],[-100.1778,25.7104],[-100.1778,25.7104],[-100.1779,25.7102],[-100.1779,25.7102],[-100.1779,25.7102],[-100.1779,25.7102],[-100.1779,25.7102],[-100.1779,25.7102],[-100.1767,25.71],[-100.1738,25.7093],[-100.173,25.7091],[-100.173,25.7091],[-100.173,25.7091],[-100.173,25.7091],[-100.173,25.7091],[-100.173,25.7091],[-100.173,25.7091],[-100.1731,25.7091],[-100.1732,25.709],[-100.1734,25.709],[-100.1735,25.7089],[-100.1738,25.7089],[-100.1739,25.7088],[-100.1739,25.7088],[-100.1739,25.7088],[-100.174,25.7087],[-100.174,25.7087],[-100.174,25.7087],[-100.1742,25.7085],[-100.1742,25.7085],[-100.1742,25.7084],[-100.1742,25.7084],[-100.1742,25.7084],[-100.1742,25.7084],[-100.1742,25.7082],[-100.1742,25.7082],[-100.1742,25.7082],[-100.1742,25.7082],[-100.1741,25.7081],[-100.1741,25.708],[-100.1741,25.7079],[-100.174,25.7078],[-100.1737,25.7075],[-100.1737,25.7074],[-100.1737,25.7074],[-100.1735,25.7075],[-100.1734,25.7077],[-100.1733,25.7077],[-100.1733,25.7077],[-100.1733,25.7077],[-100.1731,25.7079],[-100.1731,25.708],[-100.1731,25.708],[-100.1731,25.708],[-100.173,25.708],[-100.173,25.708],[-100.173,25.708],[-100.173,25.708],[-100.173,25.708],[-100.173,25.708],[-100.173,25.708],[-100.173,25.708],[-100.173,25.708],[-100.173,25.708],[-100.173,25.708],[-100.173,25.708],[-100.173,25.7081],[-100.173,25.7081],[-100.173,25.7081],[-100.173,25.7081],[-100.173,25.7081],[-100.173,25.7081],[-100.173,25.7081],[-100.173,25.7081],[-100.1729,25.7081],[-100.1729,25.7081],[-100.1729,25.7082],[-100.1728,25.7083],[-100.1728,25.7083],[-100.1727,25.7084],[-100.1725,25.7086],[-100.1725,25.7086],[-100.1723,25.7088],[-100.1723,25.7088],[-100.1721,25.709],[-100.1717,25.7088],[-100.1716,25.7088],[-100.1714,25.7088],[-100.1708,25.7089],[-100.1706,25.7089],[-100.1703,25.7089],[-100.17,25.7088],[-100.17,25.7087],[-100.1699,25.7087],[-100.1694,25.7082],[-100.1691,25.708],[-100.169,25.7079],[-100.1687,25.7079],[-100.1685,25.7079],[-100.1684,25.7079],[-100.1682,25.7079],[-100.1681,25.7079],[-100.1681,25.7079],[-100.1681,25.7078],[-100.1681,25.7078],[-100.1681,25.7078],[-100.1681,25.7078],[-100.168,25.7077],[-100.168,25.7077],[-100.1672,25.7076],[-100.1666,25.7076],[-100.1662,25.7075],[-100.1662,25.7075],[-100.1661,25.7075],[-100.1661,25.7075],[-100.166,25.7075],[-100.1658,25.7075],[-100.1657,25.7075],[-100.1656,25.7075],[-100.1654,25.7074],[-100.1651,25.7074],[-100.165,25.7074],[-100.1648,25.7074],[-100.1641,25.7072],[-100.1641,25.7072],[-100.1641,25.7072],[-100.1641,25.7072],[-100.1641,25.7072],[-100.1641,25.7071],[-100.1641,25.7071],[-100.1641,25.7071],[-100.1641,25.7071],[-100.1641,25.7071],[-100.164,25.7071],[-100.164,25.7071],[-100.1626,25.7068],[-100.1622,25.7067],[-100.1619,25.7066],[-100.1619,25.7066],[-100.1619,25.7066],[-100.1619,25.7066],[-100.1618,25.7066],[-100.1617,25.7066],[-100.161,25.7064],[-100.1592,25.706],[-100.1586,25.7059],[-100.1583,25.7058],[-100.1583,25.7058],[-100.1581,25.7061],[-100.158,25.7062],[-100.1574,25.7072],[-100.1572,25.7076],[-100.157,25.708],[-100.1569,25.7081],[-100.1569,25.7081],[-100.1561,25.7082],[-100.1554,25.7082],[-100.1546,25.7083],[-100.1545,25.7083],[-100.1545,25.7083],[-100.1545,25.7083],[-100.1545,25.7082],[-100.1545,25.7082],[-100.1547,25.7068],[-100.1547,25.7068],[-100.1549,25.705],[-100.1549,25.705],[-100.155,25.7045],[-100.155,25.7045],[-100.155,25.7044],[-100.155,25.7044],[-100.155,25.7044],[-100.155,25.7044],[-100.155,25.7044],[-100.155,25.7043],[-100.155,25.7043],[-100.155,25.7043],[-100.155,25.7043],[-100.155,25.7043],[-100.155,25.7043],[-100.155,25.7043],[-100.155,25.7043],[-100.1548,25.7044],[-100.1548,25.7044],[-100.1547,25.705],[-100.1547,25.705],[-100.1547,25.705],[-100.1537,25.7048],[-100.1529,25.7046],[-100.1529,25.7045],[-100.1529,25.7045],[-100.1529,25.7045],[-100.1529,25.7045],[-100.1529,25.7045],[-100.1529,25.7043],[-100.153,25.7041],[-100.1531,25.7037],[-100.1531,25.7037],[-100.1531,25.7037],[-100.1531,25.7037],[-100.1531,25.7037],[-100.1519,25.7034],[-100.1514,25.7033],[-100.1512,25.7032],[-100.151,25.7031],[-100.1509,25.7033],[-100.1509,25.7033],[-100.1509,25.7034],[-100.1509,25.7034],[-100.1509,25.7036],[-100.1509,25.7036],[-100.1508,25.7041],[-100.1504,25.7041],[-100.1497,25.7039],[-100.1497,25.704],[-100.1487,25.7037],[-100.1483,25.7036],[-100.1482,25.7035],[-100.1481,25.7035],[-100.1478,25.7034],[-100.1474,25.7033],[-100.1473,25.7033],[-100.1473,25.7032],[-100.1472,25.7032],[-100.1471,25.7032],[-100.1468,25.7033],[-100.1468,25.7033],[-100.1463,25.7031],[-100.1463,25.7031],[-100.1463,25.7031],[-100.1463,25.7031],[-100.1463,25.7031],[-100.1464,25.703],[-100.1465,25.7027],[-100.1465,25.7025],[-100.1465,25.7025],[-100.1465,25.7025],[-100.1465,25.7025],[-100.1464,25.7025],[-100.1459,25.7025],[-100.1454,25.7024],[-100.1428,25.7021],[-100.1426,25.702],[-100.1426,25.702],[-100.1414,25.7019],[-100.1413,25.7019],[-100.1413,25.7019],[-100.141,25.7031],[-100.1409,25.7031],[-100.1408,25.7031],[-100.1393,25.7045],[-100.1389,25.7049],[-100.1387,25.7015],[-100.1387,25.7015],[-100.1387,25.7015],[-100.1387,25.7015],[-100.1387,25.7015],[-100.1375,25.7013],[-100.1368,25.7012],[-100.134,25.7009],[-100.1334,25.7008],[-100.1333,25.7008],[-100.1333,25.7008],[-100.133,25.7007],[-100.132,25.7007],[-100.132,25.7007],[-100.132,25.7007],[-100.1318,25.7007],[-100.1315,25.7006],[-100.1314,25.7005],[-100.1312,25.7003],[-100.1312,25.7003],[-100.1312,25.7003],[-100.1308,25.6999],[-100.1304,25.6994],[-100.1304,25.6994],[-100.1304,25.6994],[-100.1304,25.6994],[-100.1304,25.6994],[-100.131,25.6975],[-100.1311,25.6973],[-100.1311,25.6973],[-100.1311,25.6973],[-100.1283,25.6975],[-100.1283,25.6975],[-100.1283,25.6975],[-100.1283,25.6975],[-100.128,25.6975],[-100.1279,25.6974],[-100.1275,25.6972],[-100.1272,25.6971],[-100.1271,25.6971],[-100.1241,25.6948],[-100.1231,25.6941],[-100.1231,25.6941],[-100.1208,25.6965],[-100.1205,25.6967],[-100.1205,25.6967],[-100.121,25.697],[-100.1211,25.6971],[-100.1218,25.6975],[-100.122,25.6976],[-100.1226,25.6979],[-100.1226,25.6979],[-100.1226,25.6979],[-100.1223,25.6978],[-100.1216,25.6977],[-100.1206,25.6974],[-100.1197,25.6972],[-100.1194,25.6971],[-100.1192,25.6971],[-100.119,25.697],[-100.119,25.697],[-100.119,25.697],[-100.1183,25.6969],[-100.1179,25.6968],[-100.1172,25.6966],[-100.1172,25.6966],[-100.1172,25.6966],[-100.118,25.6946],[-100.1186,25.6928],[-100.1191,25.6912],[-100.1192,25.691],[-100.1192,25.691],[-100.1193,25.6908],[-100.1193,25.6908],[-100.1203,25.6875],[-100.1203,25.6875],[-100.1203,25.6874],[-100.1209,25.686],[-100.1211,25.6852],[-100.1218,25.6835],[-100.1218,25.6835],[-100.1218,25.6833],[-100.1217,25.6833],[-100.1217,25.6833],[-100.1235,25.6791],[-100.1243,25.677],[-100.1244,25.6767],[-100.1246,25.6763],[-100.1248,25.6759],[-100.1248,25.6759],[-100.1249,25.6758],[-100.125,25.6755],[-100.125,25.6754],[-100.1252,25.6752],[-100.1252,25.6752],[-100.1252,25.675],[-100.1252,25.6748],[-100.1253,25.6744],[-100.1253,25.6742],[-100.1252,25.674],[-100.1252,25.6737],[-100.1252,25.6737],[-100.1252,25.6735],[-100.1251,25.6733],[-100.1249,25.6729],[-100.1246,25.6725],[-100.1247,25.6724],[-100.1249,25.6723],[-100.125,25.6722],[-100.1254,25.672],[-100.1261,25.6716],[-100.1274,25.6711],[-100.1279,25.6711],[-100.1283,25.671],[-100.1286,25.6709],[-100.129,25.6708],[-100.1296,25.6707],[-100.1301,25.6706],[-100.1303,25.6706],[-100.1304,25.6706],[-100.1309,25.6701],[-100.1311,25.67],[-100.1312,25.6699],[-100.1314,25.6698],[-100.1315,25.6697],[-100.1318,25.6695],[-100.132,25.6693],[-100.132,25.6693],[-100.1319,25.6691],[-100.1319,25.6691],[-100.132,25.669],[-100.1321,25.669],[-100.1323,25.6689],[-100.1328,25.6685],[-100.1332,25.6683],[-100.1334,25.6682],[-100.134,25.6678],[-100.1343,25.6677],[-100.1343,25.6676],[-100.1345,25.6675],[-100.1348,25.6673],[-100.1352,25.6671],[-100.1353,25.667],[-100.1353,25.667],[-100.1354,25.667],[-100.1359,25.6667],[-100.1364,25.6664],[-100.1365,25.6663],[-100.1366,25.6663],[-100.1366,25.6663],[-100.1366,25.6663],[-100.1366,25.6663],[-100.1369,25.6661],[-100.1372,25.6659],[-100.1374,25.6657],[-100.1378,25.6655],[-100.1379,25.6655],[-100.1383,25.6652],[-100.1385,25.6651],[-100.1388,25.6649],[-100.1391,25.6647],[-100.1392,25.6646],[-100.1393,25.6646],[-100.1394,25.6645],[-100.1394,25.6645],[-100.1398,25.6643],[-100.1404,25.6639],[-100.1404,25.6639],[-100.1404,25.6639],[-100.1409,25.6636],[-100.1418,25.663],[-100.1418,25.663],[-100.1424,25.6626],[-100.1427,25.6625],[-100.1427,25.6625],[-100.1427,25.6625],[-100.1431,25.6622],[-100.1442,25.6615],[-100.1442,25.6615],[-100.1442,25.6615],[-100.1446,25.6613],[-100.1446,25.6612],[-100.1448,25.6611],[-100.1448,25.6611],[-100.145,25.661],[-100.145,25.661],[-100.1468,25.6599],[-100.1468,25.6599],[-100.1468,25.6599],[-100.1475,25.6594],[-100.148,25.6591],[-100.1489,25.6585],[-100.149,25.6585],[-100.1492,25.6584],[-100.1498,25.6581],[-100.1501,25.6578],[-100.1566,25.6537],[-100.1566,25.6537],[-100.1566,25.6537],[-100.1566,25.6537],[-100.1578,25.6529],[-100.159,25.6523],[-100.1591,25.6522],[-100.1592,25.6522],[-100.16,25.6517],[-100.1601,25.6516],[-100.1605,25.6514],[-100.1613,25.6509],[-100.1615,25.6508],[-100.1615,25.6507],[-100.1619,25.6505],[-100.1619,25.6505],[-100.1622,25.6503],[-100.1626,25.65],[-100.1627,25.65],[-100.163,25.6498],[-100.163,25.6498],[-100.1632,25.6496],[-100.1635,25.6495],[-100.1636,25.6494],[-100.1641,25.6491],[-100.1644,25.6488],[-100.1646,25.6487],[-100.1651,25.6483],[-100.1652,25.6483],[-100.1671,25.647],[-100.1675,25.6468],[-100.1686,25.646],[-100.1706,25.6448],[-100.1707,25.6447],[-100.1707,25.6447],[-100.1708,25.6447],[-100.1708,25.6447],[-100.1712,25.6445],[-100.1725,25.6436],[-100.1733,25.6431],[-100.1735,25.6431],[-100.1736,25.643],[-100.1736,25.643],[-100.1738,25.6429],[-100.1751,25.6421],[-100.1751,25.6421],[-100.1754,25.642],[-100.176,25.6416],[-100.177,25.641],[-100.1785,25.6401],[-100.1798,25.6392],[-100.1802,25.639],[-100.1803,25.6389],[-100.1803,25.6389],[-100.1807,25.6387],[-100.1807,25.6387],[-100.1807,25.6387],[-100.1808,25.6386],[-100.181,25.6385],[-100.1811,25.6384],[-100.1814,25.6382],[-100.1818,25.638],[-100.1822,25.6377],[-100.1826,25.6374],[-100.1827,25.6374],[-100.1831,25.6372],[-100.1835,25.6369],[-100.1836,25.6368],[-100.1837,25.6368],[-100.1839,25.6367],[-100.184,25.6366],[-100.1847,25.6362],[-100.1851,25.6359],[-100.1851,25.6359],[-100.1855,25.6357],[-100.1856,25.6357],[-100.186,25.636],[-100.1862,25.6361],[-100.1864,25.6363],[-100.1865,25.6363],[-100.1865,25.6363],[-100.1869,25.6363],[-100.1872,25.6364],[-100.1873,25.6364],[-100.1873,25.6363],[-100.1874,25.636],[-100.1875,25.6354],[-100.1875,25.6354],[-100.1877,25.6354],[-100.1885,25.6352],[-100.1886,25.6352],[-100.1886,25.6352],[-100.1886,25.6352],[-100.1886,25.6351],[-100.1885,25.6349],[-100.1885,25.6349],[-100.1891,25.6341],[-100.19,25.6328],[-100.1901,25.6327],[-100.1903,25.6325],[-100.1918,25.6316],[-100.1932,25.6307],[-100.1933,25.6307],[-100.1949,25.6297],[-100.1949,25.6297],[-100.1951,25.6295],[-100.2087,25.6208],[-100.2091,25.6215],[-100.2092,25.6231],[-100.2092,25.6231],[-100.2421,25.6248],[-100.2433,25.6261],[-100.2616,25.6232],[-100.2616,25.6232],[-100.2627,25.6229],[-100.2627,25.6229],[-100.2627,25.6229],[-100.2627,25.6229],[-100.263,25.6228],[-100.263,25.6228],[-100.263,25.6228],[-100.2636,25.6227],[-100.2636,25.6227],[-100.2641,25.6226],[-100.2647,25.6225],[-100.2647,25.6225],[-100.2649,25.6224],[-100.2649,25.6224],[-100.2658,25.6223],[-100.2658,25.6223],[-100.2658,25.6223],[-100.2659,25.6223],[-100.2663,25.6222],[-100.2663,25.6222],[-100.2663,25.6222],[-100.2664,25.6222],[-100.2664,25.6222],[-100.2668,25.6221],[-100.2668,25.6221],[-100.2668,25.6221],[-100.2669,25.622],[-100.2669,25.622],[-100.267,25.622],[-100.267,25.622],[-100.267,25.622],[-100.268,25.6218],[-100.2683,25.6218],[-100.2683,25.6218],[-100.2688,25.6216],[-100.2695,25.6215],[-100.2695,25.6215],[-100.2695,25.6215],[-100.2695,25.6215],[-100.2695,25.6215],[-100.2694,25.6216],[-100.2694,25.6217],[-100.2694,25.6219],[-100.2694,25.6219],[-100.2694,25.6219],[-100.2694,25.6219],[-100.2694,25.6219],[-100.2694,25.622],[-100.2694,25.6221],[-100.2694,25.6221],[-100.2694,25.6223],[-100.2695,25.6224],[-100.2695,25.6225],[-100.2696,25.6228],[-100.2697,25.6229],[-100.2698,25.623],[-100.2698,25.623],[-100.2699,25.6231],[-100.27,25.6232],[-100.27,25.6233],[-100.2703,25.6235],[-100.2704,25.6236],[-100.2705,25.6237],[-100.2707,25.6237],[-100.2708,25.6238],[-100.2709,25.6239],[-100.2712,25.624],[-100.2716,25.6242],[-100.2718,25.6243],[-100.272,25.6244],[-100.2721,25.6245],[-100.2722,25.6246],[-100.2722,25.6247],[-100.2724,25.6249],[-100.2725,25.625],[-100.2727,25.6252],[-100.2728,25.6255],[-100.2728,25.6255],[-100.2728,25.6257],[-100.2728,25.6257],[-100.2728,25.6257],[-100.2728,25.6257],[-100.2728,25.6258],[-100.2727,25.6259],[-100.2726,25.626],[-100.2725,25.6261],[-100.2723,25.6262],[-100.2723,25.6263],[-100.2721,25.6264],[-100.272,25.6265],[-100.2719,25.6266],[-100.2718,25.6267],[-100.2717,25.6267],[-100.2716,25.6268],[-100.2715,25.6269],[-100.2714,25.627],[-100.2713,25.6271],[-100.2712,25.6272],[-100.2711,25.6273],[-100.271,25.6274],[-100.2709,25.6275],[-100.2709,25.6276],[-100.2709,25.6277],[-100.2709,25.6277],[-100.2708,25.6278],[-100.2708,25.6279],[-100.2708,25.6281],[-100.2708,25.6281],[-100.2708,25.6281],[-100.2708,25.6281],[-100.2708,25.6282],[-100.2708,25.6282],[-100.2708,25.6282],[-100.2708,25.6282],[-100.2707,25.6283],[-100.2707,25.6285],[-100.2707,25.6285],[-100.2707,25.6285],[-100.2707,25.6286],[-100.2707,25.6286],[-100.2708,25.6287],[-100.2708,25.6287],[-100.2708,25.6289],[-100.2708,25.629],[-100.2708,25.629],[-100.2708,25.629],[-100.2708,25.629],[-100.2708,25.629],[-100.2708,25.629],[-100.2708,25.6291],[-100.2708,25.6291],[-100.2708,25.6291],[-100.2708,25.6291],[-100.2708,25.6294],[-100.2708,25.6294],[-100.2708,25.6294],[-100.2708,25.6294],[-100.2708,25.6296],[-100.2708,25.6297],[-100.2708,25.6298],[-100.2707,25.63],[-100.2707,25.63],[-100.2707,25.63],[-100.2707,25.63],[-100.2707,25.63],[-100.2707,25.63],[-100.2707,25.63],[-100.2707,25.63],[-100.2707,25.63],[-100.2707,25.63],[-100.2707,25.63],[-100.2707,25.6301],[-100.2707,25.6301],[-100.2707,25.6301],[-100.2707,25.6301],[-100.2707,25.6301],[-100.2707,25.6301],[-100.2707,25.6301],[-100.2707,25.6301],[-100.2707,25.6302],[-100.2707,25.6302],[-100.2707,25.6302],[-100.2707,25.6302],[-100.2707,25.6302],[-100.2707,25.6302],[-100.2707,25.6302],[-100.2707,25.6302],[-100.2707,25.6303],[-100.2707,25.6304],[-100.2707,25.6304],[-100.2708,25.6305],[-100.2708,25.6305],[-100.2708,25.6306],[-100.2708,25.6308],[-100.2708,25.6308],[-100.2708,25.6309],[-100.2708,25.6309],[-100.2709,25.6309],[-100.2709,25.631],[-100.271,25.6311],[-100.271,25.6313],[-100.2711,25.6314],[-100.2712,25.6315],[-100.2712,25.6315],[-100.2713,25.6316],[-100.2713,25.6317],[-100.2713,25.6318],[-100.2714,25.6318],[-100.2714,25.632],[-100.2715,25.6322],[-100.2715,25.6324],[-100.2715,25.6325],[-100.2715,25.6325],[-100.2716,25.6326],[-100.2716,25.6329],[-100.2716,25.6329],[-100.2716,25.6331],[-100.2716,25.6331],[-100.2716,25.6332],[-100.2716,25.6333],[-100.2716,25.6335],[-100.2716,25.6335],[-100.2716,25.6335],[-100.2715,25.6336],[-100.2715,25.6337],[-100.2715,25.6338],[-100.2714,25.634],[-100.2713,25.6341],[-100.2713,25.6342],[-100.2712,25.6345],[-100.2711,25.6346],[-100.271,25.6347],[-100.2709,25.6348],[-100.2708,25.6349],[-100.2708,25.635],[-100.2707,25.6351],[-100.2707,25.6351],[-100.2705,25.6353],[-100.2704,25.6354],[-100.2703,25.6355],[-100.2702,25.6358],[-100.2701,25.6359],[-100.27,25.636],[-100.27,25.6361],[-100.2699,25.6362],[-100.2699,25.6363],[-100.2698,25.6364],[-100.2698,25.6367],[-100.2697,25.6368],[-100.2697,25.6369],[-100.2697,25.6371],[-100.2696,25.6373],[-100.2696,25.6375],[-100.2696,25.6376],[-100.2696,25.6377],[-100.2695,25.6379],[-100.2695,25.638],[-100.2695,25.6381],[-100.2695,25.6383],[-100.2694,25.6385],[-100.2694,25.6387],[-100.2694,25.6388],[-100.2694,25.6389],[-100.2693,25.6391],[-100.2693,25.6392],[-100.2692,25.6393],[-100.2692,25.6394],[-100.2692,25.6395],[-100.2692,25.6395],[-100.2692,25.6395],[-100.2692,25.6395],[-100.2692,25.6396],[-100.2692,25.6396],[-100.2692,25.6396],[-100.2692,25.6396],[-100.2692,25.6396],[-100.2692,25.6396],[-100.2692,25.6396],[-100.2692,25.6396],[-100.2692,25.6397],[-100.2692,25.6399],[-100.2692,25.64],[-100.2693,25.6401],[-100.2693,25.6403],[-100.2693,25.6404],[-100.2693,25.6404],[-100.2693,25.6405],[-100.2694,25.6406],[-100.2694,25.6408],[-100.2694,25.6408],[-100.2694,25.6409],[-100.2694,25.6409],[-100.2695,25.641],[-100.2695,25.6412],[-100.2696,25.6413],[-100.2697,25.6414],[-100.2697,25.6415],[-100.2698,25.6416],[-100.2699,25.6418],[-100.27,25.6418],[-100.27,25.642],[-100.2701,25.642],[-100.2703,25.6421],[-100.2704,25.6422],[-100.2705,25.6423],[-100.2707,25.6423],[-100.2708,25.6424],[-100.271,25.6424],[-100.2712,25.6425],[-100.2714,25.6425],[-100.2715,25.6426],[-100.2716,25.6426],[-100.2718,25.6426],[-100.2719,25.6427],[-100.2721,25.6427],[-100.2722,25.6427],[-100.2724,25.6428],[-100.2725,25.6428],[-100.2727,25.6428],[-100.2728,25.6428],[-100.273,25.6429],[-100.2731,25.6429],[-100.2732,25.6429],[-100.2733,25.6429],[-100.2733,25.6429],[-100.2734,25.643],[-100.2735,25.6431],[-100.2735,25.6432],[-100.2735,25.6432],[-100.2735,25.6434],[-100.2735,25.6434],[-100.2735,25.6434],[-100.2735,25.6434],[-100.2735,25.6435],[-100.2735,25.6436],[-100.2735,25.6436],[-100.2735,25.6436],[-100.2735,25.6436],[-100.2735,25.6436],[-100.2735,25.6436],[-100.2735,25.6436],[-100.2735,25.6436],[-100.2735,25.6436],[-100.2735,25.6436],[-100.2735,25.6436],[-100.2735,25.6438],[-100.2735,25.6439],[-100.2735,25.6439],[-100.2735,25.6441],[-100.2736,25.6442],[-100.2736,25.6443],[-100.2736,25.6443],[-100.2737,25.6444],[-100.2738,25.6445],[-100.2739,25.6446],[-100.274,25.6447],[-100.2741,25.645],[-100.2742,25.6451],[-100.2742,25.6452],[-100.2743,25.6454],[-100.2743,25.6454],[-100.2743,25.6455],[-100.2743,25.6456],[-100.2743,25.6458],[-100.2743,25.6458],[-100.2743,25.6459],[-100.2743,25.646],[-100.2743,25.6462],[-100.2743,25.6463],[-100.2743,25.6464],[-100.2743,25.6464],[-100.2743,25.6466],[-100.2743,25.6466],[-100.2743,25.6467],[-100.2743,25.6468],[-100.2743,25.6469],[-100.2743,25.647],[-100.2743,25.647],[-100.2743,25.647],[-100.2743,25.647],[-100.2743,25.647],[-100.2743,25.647],[-100.2742,25.6471],[-100.2742,25.6471],[-100.2742,25.6472],[-100.2742,25.6472],[-100.2741,25.6472],[-100.274,25.6473],[-100.2739,25.6474],[-100.2738,25.6474],[-100.2737,25.6475],[-100.2736,25.6476],[-100.2734,25.6477],[-100.2733,25.6477],[-100.2732,25.6478],[-100.2731,25.6479],[-100.273,25.648],[-100.2729,25.6481],[-100.2727,25.6482],[-100.2725,25.6483],[-100.2724,25.6484],[-100.2722,25.6485],[-100.2721,25.6485],[-100.272,25.6486],[-100.2718,25.6486],[-100.2717,25.6486],[-100.2714,25.6486],[-100.2712,25.6486],[-100.2711,25.6486],[-100.2709,25.6486],[-100.2708,25.6486],[-100.2705,25.6486],[-100.2704,25.6486],[-100.2702,25.6487],[-100.2701,25.6487],[-100.2699,25.6488],[-100.2698,25.6489],[-100.2695,25.649],[-100.2694,25.649],[-100.2692,25.6491],[-100.2691,25.6491],[-100.269,25.6492],[-100.2689,25.6493],[-100.2688,25.6494],[-100.2687,25.6495],[-100.2686,25.6496],[-100.2685,25.6497],[-100.2684,25.6498],[-100.2683,25.6499],[-100.2682,25.6499],[-100.2682,25.65],[-100.2681,25.6501],[-100.2681,25.6502],[-100.2681,25.6502],[-100.2681,25.6502],[-100.2681,25.6502],[-100.2681,25.6502],[-100.2681,25.6502],[-100.2681,25.6504],[-100.2681,25.6504],[-100.2681,25.6506],[-100.2681,25.6506],[-100.2681,25.6506],[-100.2681,25.6506],[-100.2681,25.6508],[-100.2681,25.6509],[-100.2681,25.6509],[-100.2681,25.651],[-100.2681,25.651],[-100.2682,25.6511],[-100.2683,25.6512],[-100.2684,25.6513],[-100.2685,25.6514],[-100.2687,25.6515],[-100.2687,25.6516],[-100.2689,25.6517],[-100.269,25.6518],[-100.2691,25.6519],[-100.2693,25.652],[-100.2696,25.6522],[-100.2697,25.6523],[-100.2697,25.6523],[-100.2698,25.6523],[-100.2699,25.6524],[-100.27,25.6524],[-100.2702,25.6525],[-100.2705,25.6526],[-100.2706,25.6527],[-100.2707,25.6528],[-100.2708,25.6528],[-100.2709,25.6528],[-100.271,25.6529],[-100.2711,25.653],[-100.2714,25.6531],[-100.2715,25.6532],[-100.2716,25.6533],[-100.2718,25.6533],[-100.272,25.6535],[-100.2721,25.6536],[-100.2722,25.6536],[-100.2724,25.6537],[-100.2725,25.6538],[-100.2726,25.6539],[-100.2727,25.654],[-100.2728,25.6541],[-100.2729,25.6542],[-100.273,25.6543],[-100.2731,25.6544],[-100.2732,25.6545],[-100.2733,25.6546],[-100.2734,25.6548],[-100.2734,25.6549],[-100.2734,25.6549],[-100.2735,25.6551],[-100.2735,25.6551],[-100.2735,25.6553],[-100.2735,25.6555],[-100.2735,25.6555],[-100.2736,25.6557],[-100.2736,25.6557],[-100.2736,25.6557],[-100.2736,25.6557],[-100.2736,25.6557],[-100.2736,25.6557],[-100.2736,25.6557],[-100.2736,25.6557],[-100.2736,25.6557],[-100.2736,25.656],[-100.2736,25.6561],[-100.2735,25.6563],[-100.2734,25.6565],[-100.2733,25.6566],[-100.2733,25.6567],[-100.2732,25.6568],[-100.273,25.6569],[-100.2729,25.657],[-100.2728,25.657],[-100.2727,25.6571],[-100.2726,25.6572],[-100.2725,25.6573],[-100.2724,25.6574],[-100.2722,25.6575],[-100.2722,25.6576],[-100.2722,25.6577],[-100.2721,25.6578],[-100.272,25.6579],[-100.2719,25.658],[-100.2717,25.6581],[-100.2716,25.6582],[-100.2715,25.6583],[-100.2714,25.6584],[-100.2713,25.6585],[-100.2712,25.6586],[-100.2711,25.6587],[-100.271,25.6588],[-100.2709,25.6589],[-100.2708,25.659],[-100.2707,25.6591],[-100.2706,25.6592],[-100.2705,25.6593],[-100.2704,25.6594],[-100.2703,25.6594],[-100.2701,25.6595],[-100.27,25.6596],[-100.2699,25.6597],[-100.2698,25.6597],[-100.2696,25.6598],[-100.2693,25.6598],[-100.2692,25.6598],[-100.269,25.6598],[-100.269,25.66],[-100.269,25.66],[-100.269,25.66],[-100.269,25.66],[-100.269,25.6603],[-100.2696,25.6607],[-100.2697,25.6607],[-100.2697,25.6607],[-100.2697,25.6607],[-100.2697,25.6607],[-100.2695,25.6608],[-100.2695,25.6608],[-100.2695,25.6608],[-100.2695,25.6608],[-100.2698,25.661],[-100.2698,25.661],[-100.2699,25.6616],[-100.2699,25.6616],[-100.2699,25.6621],[-100.2699,25.6621],[-100.27,25.6634],[-100.27,25.6634],[-100.2701,25.664],[-100.2701,25.6649],[-100.2701,25.6649],[-100.2702,25.6658],[-100.2702,25.6658],[-100.2702,25.6663],[-100.271,25.6663],[-100.2714,25.6663],[-100.2714,25.6663],[-100.2714,25.6663],[-100.2714,25.6663],[-100.2714,25.6663],[-100.2714,25.6669],[-100.2714,25.6669],[-100.2714,25.6672],[-100.2714,25.6672],[-100.2714,25.6672],[-100.2714,25.6672],[-100.2714,25.6676],[-100.2714,25.6676],[-100.2714,25.6681],[-100.2714,25.6682],[-100.2714,25.6682],[-100.2714,25.6687],[-100.2714,25.6687],[-100.2714,25.6687],[-100.2714,25.6687],[-100.2714,25.6693],[-100.2714,25.6693],[-100.2714,25.6693],[-100.2714,25.6693],[-100.2714,25.6693],[-100.2714,25.6699],[-100.2714,25.6699],[-100.2714,25.6699],[-100.2714,25.6699],[-100.2714,25.6699],[-100.2714,25.6699],[-100.2714,25.6702],[-100.2714,25.6702],[-100.2714,25.6702],[-100.2714,25.6703],[-100.2714,25.6705],[-100.2716,25.6708],[-100.2716,25.6708],[-100.2716,25.6709],[-100.2728,25.6709],[-100.2728,25.6709],[-100.2728,25.6715],[-100.2728,25.6715],[-100.2728,25.6721],[-100.2728,25.6721],[-100.2728,25.6721],[-100.2728,25.6721],[-100.2728,25.6727],[-100.2735,25.6727],[-100.2738,25.6728],[-100.274,25.673],[-100.2741,25.6731],[-100.2741,25.6732],[-100.2742,25.6735],[-100.2742,25.6735],[-100.2742,25.6735],[-100.2742,25.6738],[-100.2742,25.6738],[-100.2742,25.6738],[-100.2742,25.6738],[-100.2742,25.674],[-100.274,25.6742],[-100.2737,25.6743],[-100.2737,25.6743],[-100.2737,25.6743],[-100.2737,25.6743],[-100.2739,25.6747],[-100.2739,25.6747],[-100.2739,25.6747],[-100.2739,25.6747],[-100.2737,25.6748],[-100.2732,25.6753],[-100.2731,25.6753],[-100.2731,25.6753],[-100.2727,25.6756],[-100.2719,25.6763],[-100.2717,25.6764],[-100.2717,25.6764],[-100.2717,25.6764],[-100.2717,25.6764],[-100.2717,25.6764],[-100.2717,25.6764],[-100.2728,25.6764],[-100.2733,25.6764],[-100.2733,25.6764],[-100.2739,25.6764],[-100.2739,25.6764],[-100.2742,25.6764],[-100.2742,25.6764],[-100.2743,25.6764],[-100.2743,25.6764],[-100.2744,25.6764],[-100.2759,25.6763],[-100.2759,25.6763],[-100.2759,25.6763],[-100.2759,25.6763],[-100.2759,25.6764],[-100.2758,25.6765],[-100.2757,25.6766],[-100.2756,25.6767],[-100.2756,25.6768],[-100.2755,25.6769],[-100.2754,25.6771],[-100.2754,25.6772],[-100.2753,25.6773],[-100.2753,25.6774],[-100.2752,25.6777],[-100.2751,25.6778],[-100.275,25.6781],[-100.2749,25.6783],[-100.2748,25.6784],[-100.2746,25.6787],[-100.2746,25.6788],[-100.2744,25.679],[-100.2743,25.6791],[-100.2742,25.6794],[-100.2741,25.6795],[-100.274,25.6796],[-100.2738,25.6798],[-100.2737,25.6799],[-100.2736,25.68],[-100.2735,25.6801],[-100.2734,25.6802],[-100.2731,25.6803],[-100.273,25.6804],[-100.2729,25.6804],[-100.2726,25.6805],[-100.2724,25.6807],[-100.2724,25.6807],[-100.2724,25.6807],[-100.2723,25.6807],[-100.2723,25.6807],[-100.2721,25.6808],[-100.2719,25.6809],[-100.2717,25.681],[-100.2716,25.681],[-100.2714,25.6811],[-100.2714,25.6811],[-100.2713,25.6812],[-100.2713,25.6812],[-100.2711,25.6813],[-100.2711,25.6813],[-100.271,25.6814],[-100.2709,25.6814],[-100.2708,25.6815],[-100.2706,25.6815],[-100.2704,25.6816],[-100.2703,25.6816],[-100.2702,25.6817],[-100.27,25.6817],[-100.2698,25.6817],[-100.2696,25.6817],[-100.2695,25.6817],[-100.2694,25.6817],[-100.2692,25.6817],[-100.2691,25.6817],[-100.269,25.6817],[-100.2689,25.6817],[-100.2689,25.6817],[-100.2688,25.6816],[-100.2686,25.6816],[-100.2684,25.6815],[-100.2683,25.6815],[-100.2682,25.6815],[-100.268,25.6815],[-100.2679,25.6814],[-100.2677,25.6814],[-100.2676,25.6814],[-100.2674,25.6815],[-100.2673,25.6815],[-100.2671,25.6816],[-100.267,25.6816],[-100.2668,25.6817],[-100.2666,25.6817],[-100.2664,25.6817],[-100.2662,25.6817],[-100.2661,25.6817],[-100.2659,25.6817],[-100.2656,25.6817],[-100.2654,25.6817],[-100.2652,25.6817],[-100.2649,25.6817],[-100.2648,25.6817],[-100.2645,25.6817],[-100.2642,25.6817],[-100.264,25.6818],[-100.264,25.6818],[-100.2639,25.6818],[-100.2636,25.6818],[-100.2633,25.6819],[-100.2631,25.6819],[-100.263,25.682],[-100.2628,25.682],[-100.2627,25.6821],[-100.2626,25.6822],[-100.2624,25.6823],[-100.2623,25.6823],[-100.2622,25.6824],[-100.262,25.6824],[-100.2619,25.6824],[-100.2617,25.6825],[-100.2616,25.6825],[-100.2614,25.6826],[-100.2613,25.6826],[-100.2613,25.6827],[-100.2613,25.6827],[-100.2613,25.6827],[-100.2613,25.6827],[-100.2615,25.6831],[-100.2615,25.6831],[-100.2617,25.6834],[-100.2617,25.6834],[-100.2618,25.6835],[-100.2618,25.6837],[-100.2618,25.6838],[-100.2618,25.6842],[-100.2618,25.6847],[-100.2618,25.6848],[-100.2618,25.6849],[-100.2618,25.685],[-100.2618,25.685],[-100.2618,25.685],[-100.2618,25.6854],[-100.2618,25.6854],[-100.2618,25.6855],[-100.2618,25.6855],[-100.2619,25.6856],[-100.2619,25.6858],[-100.2619,25.686],[-100.2619,25.686],[-100.2619,25.6876],[-100.2619,25.6876],[-100.2619,25.6877],[-100.2619,25.6883],[-100.2619,25.6883],[-100.262,25.6891],[-100.262,25.6891],[-100.262,25.6893],[-100.262,25.6894],[-100.262,25.6897],[-100.262,25.6897],[-100.262,25.6897],[-100.262,25.6897],[-100.262,25.6897],[-100.262,25.6897],[-100.262,25.6902],[-100.262,25.6906],[-100.2619,25.6909],[-100.2619,25.6909],[-100.2619,25.6911],[-100.2619,25.6911],[-100.2619,25.6912],[-100.2619,25.6915],[-100.2619,25.6916],[-100.2619,25.6916],[-100.2619,25.6916],[-100.2619,25.6916],[-100.2619,25.6916],[-100.2619,25.6916],[-100.2619,25.6916],[-100.2619,25.6916],[-100.2619,25.692],[-100.2619,25.692],[-100.2619,25.692],[-100.2619,25.692],[-100.2619,25.6922],[-100.2619,25.6922],[-100.2619,25.6922],[-100.2619,25.6922],[-100.2619,25.6927],[-100.2619,25.6927],[-100.2619,25.6927],[-100.2619,25.6927],[-100.2619,25.693],[-100.2619,25.693],[-100.2619,25.693],[-100.2619,25.693],[-100.2619,25.693],[-100.2619,25.693],[-100.2619,25.6934],[-100.2619,25.6934],[-100.2619,25.6934],[-100.2619,25.6934],[-100.2619,25.6934],[-100.2619,25.6934],[-100.2619,25.6937],[-100.2619,25.6937],[-100.2619,25.6937],[-100.2619,25.6937],[-100.2619,25.6939],[-100.2619,25.6939],[-100.2619,25.694],[-100.2619,25.694],[-100.2619,25.6947],[-100.2619,25.6947],[-100.2619,25.6958],[-100.2619,25.6958],[-100.2619,25.6959],[-100.2619,25.6959],[-100.2619,25.696],[-100.2619,25.696],[-100.2619,25.6961],[-100.2619,25.6961],[-100.2619,25.6961],[-100.2619,25.6961],[-100.2619,25.6962],[-100.2619,25.6962],[-100.2619,25.6962],[-100.2619,25.6962],[-100.2619,25.6962],[-100.2619,25.6962],[-100.2619,25.6962],[-100.2619,25.6962],[-100.2619,25.6962],[-100.2619,25.6962],[-100.2619,25.6962],[-100.2619,25.6962],[-100.2619,25.697],[-100.2619,25.697],[-100.2619,25.697],[-100.2619,25.6974],[-100.2619,25.6974],[-100.2619,25.6974],[-100.2619,25.6974],[-100.2619,25.6974],[-100.2619,25.6974],[-100.2619,25.6975],[-100.2619,25.6975],[-100.2618,25.6978],[-100.2618,25.6978],[-100.2618,25.6979],[-100.2618,25.6979],[-100.2618,25.6979],[-100.2618,25.6979],[-100.2618,25.6981],[-100.2618,25.6981],[-100.2618,25.6983],[-100.2618,25.6983],[-100.2618,25.6983],[-100.2618,25.6983],[-100.2618,25.6987],[-100.2618,25.6987],[-100.2618,25.6987],[-100.2618,25.6987],[-100.2618,25.6987],[-100.2618,25.6987],[-100.2618,25.6988],[-100.2618,25.6988],[-100.2618,25.6988],[-100.2618,25.6988],[-100.2618,25.6992],[-100.2618,25.6992],[-100.2618,25.6992],[-100.2618,25.6992],[-100.2618,25.6993],[-100.2618,25.6993],[-100.2618,25.6993],[-100.2618,25.6993],[-100.2618,25.6998],[-100.2618,25.6998],[-100.2618,25.6998],[-100.2618,25.6998],[-100.2618,25.6998],[-100.2618,25.6998],[-100.2618,25.6998],[-100.2618,25.6998],[-100.2618,25.6998],[-100.2618,25.6998],[-100.2618,25.6998],[-100.2618,25.6998],[-100.2618,25.6998],[-100.2618,25.6998],[-100.2618,25.6998],[-100.2618,25.6998],[-100.2618,25.6998],[-100.2618,25.6998],[-100.2618,25.7],[-100.2618,25.7],[-100.2618,25.7],[-100.2618,25.7],[-100.2618,25.7],[-100.2618,25.7],[-100.2618,25.7002],[-100.2618,25.7002],[-100.2618,25.7002],[-100.2618,25.7002],[-100.2618,25.7002],[-100.2618,25.7002],[-100.2618,25.7003],[-100.2618,25.7003],[-100.2618,25.7003],[-100.2618,25.7003],[-100.2618,25.7008],[-100.2618,25.7008],[-100.2618,25.7008],[-100.2618,25.7008],[-100.2618,25.7008],[-100.2618,25.7008],[-100.2618,25.7012],[-100.2618,25.7012],[-100.2618,25.7012],[-100.2618,25.7012],[-100.2618,25.7012],[-100.2618,25.7013],[-100.2612,25.7013],[-100.2611,25.7013],[-100.2607,25.7013],[-100.26,25.7013],[-100.26,25.7013],[-100.2599,25.7013],[-100.2599,25.7014],[-100.2598,25.7015],[-100.2596,25.7017],[-100.2596,25.7018],[-100.2595,25.7019],[-100.2594,25.7023],[-100.2593,25.7024],[-100.2592,25.7025],[-100.2592,25.7026],[-100.2591,25.7027],[-100.2591,25.7028],[-100.2591,25.7031],[-100.2591,25.7033],[-100.2593,25.7033],[-100.2593,25.7035],[-100.2593,25.7036],[-100.2593,25.7037],[-100.2593,25.7037],[-100.2593,25.7037],[-100.2593,25.7038],[-100.2592,25.7038],[-100.2592,25.7038],[-100.2591,25.7039],[-100.2591,25.7039],[-100.259,25.704],[-100.2587,25.7042],[-100.2585,25.7044],[-100.2584,25.7045],[-100.2584,25.7045],[-100.2583,25.7045],[-100.2583,25.7045],[-100.2583,25.7045],[-100.2583,25.7045],[-100.2582,25.7045],[-100.2581,25.7045],[-100.258,25.7045],[-100.258,25.7045],[-100.2578,25.7044],[-100.2575,25.7043],[-100.257,25.7041],[-100.2568,25.704],[-100.2566,25.704],[-100.2564,25.704],[-100.2563,25.704],[-100.256,25.7041],[-100.2557,25.7042],[-100.2549,25.7047],[-100.2549,25.7047],[-100.2547,25.7048],[-100.2546,25.705],[-100.2545,25.7052],[-100.2545,25.7059],[-100.2545,25.7059],[-100.2544,25.706],[-100.2544,25.706],[-100.2544,25.706],[-100.2543,25.7061],[-100.2542,25.7062],[-100.2539,25.7062],[-100.2533,25.7062],[-100.2531,25.7062],[-100.253,25.7062],[-100.253,25.7061],[-100.2529,25.7061],[-100.2529,25.7061],[-100.2528,25.7061],[-100.2528,25.706],[-100.2526,25.7057],[-100.2525,25.7055],[-100.2523,25.7054],[-100.2521,25.7052],[-100.2519,25.705],[-100.2516,25.705],[-100.2514,25.705],[-100.2513,25.705],[-100.2512,25.7051],[-100.2512,25.7051],[-100.2511,25.7051],[-100.251,25.7051],[-100.2509,25.7052],[-100.2509,25.7052],[-100.2508,25.7053],[-100.2507,25.7053],[-100.2501,25.7056],[-100.25,25.7056],[-100.2499,25.7057],[-100.2496,25.7057],[-100.2488,25.7059],[-100.2487,25.7059],[-100.2487,25.7059],[-100.2477,25.7058],[-100.2469,25.7058],[-100.2467,25.7058],[-100.2466,25.7058],[-100.2464,25.7059],[-100.2463,25.706],[-100.246,25.7061],[-100.2457,25.7064],[-100.2454,25.7068],[-100.2453,25.7069],[-100.2451,25.707],[-100.2449,25.7072],[-100.2448,25.7073],[-100.244,25.7078],[-100.2435,25.7081],[-100.2434,25.7082],[-100.2432,25.7083],[-100.243,25.7083],[-100.2428,25.7083],[-100.2426,25.7084],[-100.2422,25.7084],[-100.2419,25.7085],[-100.2418,25.7085],[-100.2416,25.7085],[-100.2413,25.7085],[-100.241,25.7086],[-100.2402,25.7088],[-100.2391,25.7092],[-100.2379,25.7095],[-100.237,25.7098],[-100.236,25.71],[-100.2346,25.7103],[-100.234,25.7105],[-100.2325,25.7108],[-100.2326,25.711],[-100.2327,25.7113],[-100.2328,25.7116],[-100.2328,25.7125],[-100.2327,25.7126],[-100.2326,25.7127],[-100.2325,25.7129],[-100.2323,25.7131],[-100.232,25.7132],[-100.2317,25.7132],[-100.2315,25.7132],[-100.2311,25.7131],[-100.2304,25.713],[-100.2297,25.7127],[-100.2295,25.7126],[-100.2294,25.7126],[-100.2292,25.7123],[-100.2291,25.7121],[-100.229,25.712],[-100.2288,25.7119],[-100.2288,25.7118],[-100.2285,25.7118],[-100.2284,25.7115],[-100.2283,25.7115],[-100.228,25.7116],[-100.2273,25.7116],[-100.2267,25.7117],[-100.2254,25.7119],[-100.225,25.712],[-100.2232,25.7122],[-100.2218,25.7124],[-100.2213,25.7125],[-100.2211,25.7125],[-100.221,25.7124],[-100.2207,25.7124],[-100.2206,25.7123],[-100.2198,25.7119],[-100.2195,25.7118],[-100.2193,25.7117],[-100.2189,25.7117],[-100.2189,25.7127],[-100.2178,25.7131],[-100.2171,25.7133],[-100.2171,25.7131],[-100.2171,25.713],[-100.217,25.7127],[-100.2167,25.713],[-100.2159,25.7134],[-100.2151,25.7139],[-100.2143,25.7144],[-100.213,25.7151],[-100.2129,25.7152],[-100.2127,25.7153],[-100.2126,25.7153],[-100.2118,25.7155],[-100.2117,25.7155],[-100.2114,25.7156],[-100.2098,25.7159],[-100.2082,25.7162],[-100.2079,25.7163],[-100.2078,25.7163],[-100.2077,25.7166],[-100.2076,25.7168],[-100.2075,25.7171],[-100.2074,25.7174],[-100.2072,25.7175],[-100.2071,25.7176],[-100.207,25.7176],[-100.2068,25.7176],[-100.2066,25.7176],[-100.2056,25.7176],[-100.2054,25.7176],[-100.2053,25.7176],[-100.2051,25.7178],[-100.2049,25.7179],[-100.2047,25.718],[-100.2046,25.718],[-100.2045,25.7181],[-100.2045,25.7181],[-100.2044,25.7181],[-100.2043,25.7181],[-100.2042,25.7181],[-100.2041,25.7181],[-100.2038,25.7182],[-100.2036,25.7186],[-100.2032,25.7212],[-100.2032,25.7212],[-100.2031,25.7214],[-100.2034,25.7214],[-100.2027,25.7222],[-100.2057,25.7226],[-100.2055,25.7264],[-100.2056,25.7274],[-100.2061,25.7294],[-100.2061,25.7294],[-100.2061,25.7294],[-100.2064,25.7294],[-100.2065,25.7297],[-100.2065,25.7301],[-100.2066,25.7304],[-100.2067,25.7309],[-100.2068,25.7312],[-100.2069,25.7318],[-100.2069,25.7318],[-100.2069,25.7318],[-100.2067,25.7318],[-100.2066,25.7318],[-100.2063,25.7317],[-100.2061,25.7317],[-100.2059,25.7317],[-100.2059,25.7317],[-100.2058,25.7317],[-100.2057,25.7317],[-100.2056,25.7317],[-100.2055,25.7317],[-100.2055,25.7317],[-100.2054,25.7317],[-100.2053,25.7317],[-100.2052,25.7318],[-100.2048,25.7316]]]]},"properties":{"cveMuni":"19026","nombre":"Guadalupe"}},{"type":"Feature","geometry":{"type":"MultiPolygon","coordinates":[[[[-100.2539,25.8792],[-100.2536,25.8783],[-100.2534,25.8779],[-100.2534,25.8779],[-100.2534,25.8779],[-100.2534,25.8779],[-100.2524,25.8755],[-100.2513,25.8729],[-100.25,25.8697],[-100.25,25.8697],[-100.2495,25.8685],[-100.2479,25.8646],[-100.2467,25.8617],[-100.2445,25.8563],[-100.2432,25.8531],[-100.2429,25.8525],[-100.2429,25.8524],[-100.2429,25.8524],[-100.2425,25.853],[-100.241,25.855],[-100.2402,25.8563],[-100.2388,25.8582],[-100.2363,25.8618],[-100.2353,25.8632],[-100.2352,25.8632],[-100.235,25.8632],[-100.2327,25.8632],[-100.2271,25.8631],[-100.2237,25.8631],[-100.2179,25.8631],[-100.2141,25.8631],[-100.2106,25.863],[-100.2017,25.8629],[-100.1972,25.8629],[-100.1949,25.8628],[-100.1922,25.8628],[-100.1922,25.8628],[-100.1896,25.8627],[-100.1894,25.8627],[-100.1868,25.8627],[-100.1863,25.8627],[-100.1856,25.8626],[-100.1851,25.8626],[-100.1847,25.8627],[-100.1838,25.8628],[-100.1837,25.8628],[-100.1834,25.8628],[-100.1832,25.8627],[-100.1829,25.8626],[-100.1823,25.8626],[-100.1818,25.8626],[-100.181,25.8626],[-100.1808,25.8626],[-100.1806,25.8626],[-100.1797,25.8626],[-100.1775,25.8626],[-100.177,25.8626],[-100.1746,25.8626],[-100.1744,25.8625],[-100.1743,25.8625],[-100.1741,25.8623],[-100.1738,25.8621],[-100.1735,25.8619],[-100.1733,25.8617],[-100.173,25.8613],[-100.1724,25.8604],[-100.17,25.8624],[-100.1699,25.8623],[-100.1646,25.8598],[-100.1619,25.8586],[-100.1604,25.8579],[-100.1596,25.8575],[-100.1595,25.8575],[-100.1584,25.8569],[-100.1576,25.8566],[-100.1575,25.8565],[-100.1574,25.8566],[-100.1572,25.8568],[-100.1565,25.8566],[-100.1546,25.8561],[-100.1528,25.8556],[-100.1505,25.855],[-100.1459,25.854],[-100.1439,25.8526],[-100.1438,25.8525],[-100.1429,25.8519],[-100.1415,25.8508],[-100.1406,25.8502],[-100.1359,25.8466],[-100.1347,25.8458],[-100.1346,25.8458],[-100.1342,25.846],[-100.1336,25.8461],[-100.1335,25.8461],[-100.1329,25.8463],[-100.1326,25.8464],[-100.1322,25.8466],[-100.1319,25.8467],[-100.1306,25.8471],[-100.1301,25.8472],[-100.1295,25.8473],[-100.1286,25.8474],[-100.1282,25.8475],[-100.1275,25.8476],[-100.1274,25.8475],[-100.1262,25.8472],[-100.1257,25.8472],[-100.1255,25.8472],[-100.1254,25.8471],[-100.1238,25.847],[-100.1236,25.847],[-100.1234,25.8471],[-100.1234,25.8471],[-100.1234,25.8457],[-100.1221,25.8456],[-100.1174,25.8451],[-100.1172,25.845],[-100.1169,25.8448],[-100.1168,25.8447],[-100.1166,25.8443],[-100.1164,25.8438],[-100.1163,25.8436],[-100.1166,25.8419],[-100.1154,25.8411],[-100.1153,25.841],[-100.115,25.8409],[-100.1147,25.8403],[-100.1146,25.8389],[-100.1143,25.8378],[-100.1141,25.8369],[-100.1141,25.8369],[-100.1142,25.8368],[-100.1147,25.8365],[-100.1161,25.8353],[-100.1162,25.8353],[-100.1167,25.8352],[-100.1168,25.8351],[-100.1169,25.8351],[-100.1171,25.8351],[-100.1174,25.835],[-100.1184,25.8349],[-100.119,25.8348],[-100.1191,25.8347],[-100.1191,25.8347],[-100.1192,25.8346],[-100.1192,25.8345],[-100.1192,25.8344],[-100.1228,25.8332],[-100.1228,25.833],[-100.1266,25.8316],[-100.1302,25.8303],[-100.1301,25.8298],[-100.1305,25.8296],[-100.1297,25.827],[-100.13,25.8263],[-100.1303,25.8257],[-100.1304,25.8254],[-100.1307,25.8251],[-100.1313,25.8243],[-100.1312,25.8232],[-100.1311,25.8227],[-100.1312,25.8221],[-100.1315,25.8215],[-100.1319,25.8211],[-100.1313,25.8197],[-100.1311,25.8181],[-100.1308,25.8173],[-100.1288,25.816],[-100.1281,25.8146],[-100.1275,25.8143],[-100.1267,25.814],[-100.1258,25.8137],[-100.1249,25.8135],[-100.1242,25.8134],[-100.1239,25.8134],[-100.1238,25.8134],[-100.1237,25.8135],[-100.1237,25.8135],[-100.1236,25.8137],[-100.1236,25.8139],[-100.1234,25.8141],[-100.1232,25.8143],[-100.1229,25.8143],[-100.1227,25.8143],[-100.1224,25.8143],[-100.1222,25.8142],[-100.122,25.8141],[-100.122,25.8141],[-100.1217,25.814],[-100.1215,25.8139],[-100.1212,25.8137],[-100.1208,25.8136],[-100.1207,25.8135],[-100.1203,25.8132],[-100.1201,25.8131],[-100.12,25.8129],[-100.1199,25.8128],[-100.1198,25.8128],[-100.1198,25.8128],[-100.1197,25.8126],[-100.1196,25.8125],[-100.1196,25.8124],[-100.1195,25.8123],[-100.1193,25.8121],[-100.1192,25.812],[-100.1191,25.8119],[-100.119,25.8118],[-100.1189,25.8117],[-100.1188,25.8116],[-100.1187,25.8115],[-100.1186,25.8114],[-100.1185,25.8113],[-100.1185,25.8113],[-100.1182,25.8111],[-100.1181,25.8109],[-100.1179,25.8107],[-100.1176,25.8104],[-100.1176,25.8104],[-100.1175,25.8103],[-100.1175,25.8103],[-100.1174,25.8103],[-100.1174,25.8103],[-100.1174,25.8103],[-100.1174,25.8103],[-100.1172,25.8102],[-100.117,25.8101],[-100.117,25.8101],[-100.117,25.8101],[-100.1168,25.8101],[-100.1165,25.81],[-100.1164,25.81],[-100.1163,25.8099],[-100.1163,25.8099],[-100.1161,25.8098],[-100.1161,25.8096],[-100.116,25.8095],[-100.1159,25.8094],[-100.1158,25.8092],[-100.1157,25.8091],[-100.1156,25.809],[-100.1154,25.8088],[-100.1153,25.8088],[-100.1153,25.8088],[-100.1152,25.8087],[-100.115,25.8086],[-100.1148,25.8085],[-100.1146,25.8084],[-100.1145,25.8083],[-100.1144,25.8083],[-100.1143,25.8082],[-100.1142,25.8082],[-100.1141,25.8081],[-100.1139,25.808],[-100.1137,25.8079],[-100.1135,25.8079],[-100.1133,25.8078],[-100.1131,25.8077],[-100.113,25.8077],[-100.1127,25.8075],[-100.1126,25.8075],[-100.1125,25.8075],[-100.1123,25.8074],[-100.112,25.8072],[-100.1117,25.807],[-100.1114,25.8069],[-100.1111,25.8067],[-100.111,25.8066],[-100.1108,25.8065],[-100.1104,25.8063],[-100.1099,25.8059],[-100.1092,25.8055],[-100.1087,25.8051],[-100.1082,25.8046],[-100.1079,25.8043],[-100.1077,25.804],[-100.1075,25.8036],[-100.1075,25.8036],[-100.1073,25.8032],[-100.107,25.803],[-100.1069,25.8029],[-100.1065,25.8027],[-100.106,25.8025],[-100.1057,25.8024],[-100.1051,25.8021],[-100.1043,25.8017],[-100.1043,25.8017],[-100.1031,25.8011],[-100.1014,25.8004],[-100.1013,25.8004],[-100.1012,25.8004],[-100.1012,25.8004],[-100.1012,25.8004],[-100.1012,25.8004],[-100.1015,25.7997],[-100.1017,25.799],[-100.1021,25.7982],[-100.1022,25.798],[-100.1023,25.7979],[-100.1025,25.7977],[-100.1027,25.7975],[-100.1029,25.7973],[-100.1032,25.7971],[-100.1051,25.7959],[-100.105,25.7958],[-100.1052,25.7944],[-100.1056,25.7928],[-100.1057,25.7924],[-100.1055,25.7923],[-100.103,25.7915],[-100.1026,25.7914],[-100.1024,25.7912],[-100.1023,25.7912],[-100.1022,25.791],[-100.1021,25.7909],[-100.1021,25.7908],[-100.102,25.7907],[-100.102,25.7906],[-100.1019,25.7904],[-100.1013,25.7855],[-100.1013,25.7853],[-100.1013,25.7852],[-100.1012,25.7851],[-100.101,25.7785],[-100.101,25.7784],[-100.1049,25.7679],[-100.1049,25.7678],[-100.1128,25.7596],[-100.1352,25.7433],[-100.1354,25.7424],[-100.1354,25.7423],[-100.1358,25.74],[-100.1358,25.7398],[-100.1358,25.7398],[-100.1358,25.7393],[-100.1358,25.7391],[-100.1357,25.7389],[-100.1357,25.7387],[-100.1356,25.7385],[-100.1356,25.7381],[-100.1356,25.7381],[-100.1356,25.7381],[-100.1365,25.7382],[-100.1366,25.7382],[-100.1374,25.7383],[-100.1387,25.7384],[-100.1389,25.7384],[-100.1389,25.7384],[-100.1448,25.7339],[-100.1448,25.7339],[-100.1485,25.7311],[-100.1486,25.7311],[-100.1485,25.7311],[-100.1476,25.7312],[-100.1473,25.7313],[-100.1471,25.7313],[-100.1422,25.732],[-100.1419,25.7321],[-100.1419,25.7321],[-100.1409,25.7322],[-100.1407,25.7323],[-100.1407,25.7323],[-100.1407,25.7323],[-100.1406,25.7323],[-100.139,25.7325],[-100.139,25.7325],[-100.139,25.7325],[-100.1389,25.7325],[-100.1388,25.7325],[-100.1387,25.7325],[-100.1369,25.7328],[-100.1369,25.7328],[-100.1369,25.7328],[-100.1369,25.7328],[-100.1369,25.7328],[-100.1341,25.7333],[-100.1335,25.7333],[-100.131,25.7327],[-100.1263,25.7342],[-100.1262,25.7343],[-100.1262,25.7343],[-100.1261,25.7343],[-100.1259,25.7343],[-100.1258,25.7344],[-100.1257,25.7344],[-100.1256,25.7344],[-100.1255,25.7344],[-100.1252,25.7344],[-100.1245,25.7346],[-100.1243,25.7346],[-100.1242,25.717],[-100.1242,25.717],[-100.1245,25.7167],[-100.1246,25.7166],[-100.1248,25.7165],[-100.1249,25.7164],[-100.1249,25.7164],[-100.1249,25.7162],[-100.123,25.7161],[-100.1215,25.7159],[-100.119,25.7157],[-100.119,25.7157],[-100.1167,25.7155],[-100.1158,25.7155],[-100.1156,25.7155],[-100.1151,25.7157],[-100.115,25.7157],[-100.115,25.7157],[-100.1156,25.7092],[-100.1156,25.7091],[-100.1153,25.7092],[-100.1145,25.7095],[-100.1141,25.7096],[-100.114,25.7097],[-100.1138,25.7099],[-100.1137,25.7099],[-100.1134,25.7099],[-100.1132,25.7099],[-100.113,25.7099],[-100.1129,25.71],[-100.1123,25.71],[-100.1122,25.7099],[-100.1114,25.7094],[-100.1108,25.7091],[-100.1105,25.7089],[-100.1104,25.7087],[-100.1103,25.7087],[-100.1101,25.7085],[-100.1099,25.7084],[-100.1097,25.7082],[-100.1095,25.708],[-100.1094,25.7078],[-100.1093,25.7076],[-100.1093,25.7075],[-100.1092,25.7073],[-100.1068,25.7014],[-100.1076,25.7016],[-100.1097,25.702],[-100.1108,25.7022],[-100.1108,25.7022],[-100.1125,25.7025],[-100.1159,25.7031],[-100.1164,25.7032],[-100.1168,25.6988],[-100.1168,25.6986],[-100.1168,25.6986],[-100.1168,25.6986],[-100.1169,25.6978],[-100.1169,25.6978],[-100.1169,25.6976],[-100.1169,25.6976],[-100.117,25.697],[-100.117,25.697],[-100.117,25.6968],[-100.117,25.6966],[-100.117,25.6966],[-100.1171,25.6966],[-100.1171,25.6966],[-100.1172,25.6966],[-100.1172,25.6966],[-100.1179,25.6968],[-100.1183,25.6969],[-100.119,25.697],[-100.119,25.697],[-100.119,25.697],[-100.1192,25.6971],[-100.1194,25.6971],[-100.1197,25.6972],[-100.1206,25.6974],[-100.1216,25.6977],[-100.1223,25.6978],[-100.1226,25.6979],[-100.1226,25.6979],[-100.1226,25.6979],[-100.122,25.6976],[-100.1218,25.6975],[-100.1211,25.6971],[-100.121,25.697],[-100.1205,25.6967],[-100.1205,25.6967],[-100.1208,25.6965],[-100.1231,25.6941],[-100.1231,25.6941],[-100.1241,25.6948],[-100.1271,25.6971],[-100.1272,25.6971],[-100.1275,25.6972],[-100.1279,25.6974],[-100.128,25.6975],[-100.1283,25.6975],[-100.1283,25.6975],[-100.1283,25.6975],[-100.1283,25.6975],[-100.1311,25.6973],[-100.1311,25.6973],[-100.1311,25.6973],[-100.131,25.6975],[-100.1304,25.6994],[-100.1304,25.6994],[-100.1304,25.6994],[-100.1304,25.6994],[-100.1304,25.6994],[-100.1308,25.6999],[-100.1312,25.7003],[-100.1312,25.7003],[-100.1312,25.7003],[-100.1314,25.7005],[-100.1315,25.7006],[-100.1318,25.7007],[-100.132,25.7007],[-100.132,25.7007],[-100.132,25.7007],[-100.133,25.7007],[-100.1333,25.7008],[-100.1333,25.7008],[-100.1334,25.7008],[-100.134,25.7009],[-100.1368,25.7012],[-100.1375,25.7013],[-100.1387,25.7015],[-100.1387,25.7015],[-100.1387,25.7015],[-100.1387,25.7015],[-100.1387,25.7015],[-100.1389,25.7049],[-100.1393,25.7045],[-100.1408,25.7031],[-100.1409,25.7031],[-100.141,25.7031],[-100.1413,25.7019],[-100.1413,25.7019],[-100.1414,25.7019],[-100.1426,25.702],[-100.1426,25.702],[-100.1428,25.7021],[-100.1454,25.7024],[-100.1459,25.7025],[-100.1464,25.7025],[-100.1465,25.7025],[-100.1465,25.7025],[-100.1465,25.7025],[-100.1465,25.7025],[-100.1465,25.7027],[-100.1464,25.703],[-100.1463,25.7031],[-100.1463,25.7031],[-100.1463,25.7031],[-100.1463,25.7031],[-100.1463,25.7031],[-100.1468,25.7033],[-100.1468,25.7033],[-100.1471,25.7032],[-100.1472,25.7032],[-100.1473,25.7032],[-100.1473,25.7033],[-100.1474,25.7033],[-100.1478,25.7034],[-100.1481,25.7035],[-100.1482,25.7035],[-100.1483,25.7036],[-100.1487,25.7037],[-100.1497,25.704],[-100.1497,25.7039],[-100.1504,25.7041],[-100.1508,25.7041],[-100.1509,25.7036],[-100.1509,25.7036],[-100.1509,25.7034],[-100.1509,25.7034],[-100.1509,25.7033],[-100.1509,25.7033],[-100.151,25.7031],[-100.1512,25.7032],[-100.1514,25.7033],[-100.1519,25.7034],[-100.1531,25.7037],[-100.1531,25.7037],[-100.1531,25.7037],[-100.1531,25.7037],[-100.1531,25.7037],[-100.153,25.7041],[-100.1529,25.7043],[-100.1529,25.7045],[-100.1529,25.7045],[-100.1529,25.7045],[-100.1529,25.7045],[-100.1529,25.7045],[-100.1529,25.7046],[-100.1537,25.7048],[-100.1547,25.705],[-100.1547,25.705],[-100.1547,25.705],[-100.1548,25.7044],[-100.1548,25.7044],[-100.155,25.7043],[-100.155,25.7043],[-100.155,25.7043],[-100.155,25.7043],[-100.155,25.7043],[-100.155,25.7043],[-100.155,25.7043],[-100.155,25.7043],[-100.155,25.7044],[-100.155,25.7044],[-100.155,25.7044],[-100.155,25.7044],[-100.155,25.7044],[-100.155,25.7045],[-100.155,25.7045],[-100.1549,25.705],[-100.1549,25.705],[-100.1547,25.7068],[-100.1547,25.7068],[-100.1545,25.7082],[-100.1545,25.7082],[-100.1545,25.7083],[-100.1545,25.7083],[-100.1545,25.7083],[-100.1546,25.7083],[-100.1554,25.7082],[-100.1561,25.7082],[-100.1569,25.7081],[-100.1569,25.7081],[-100.157,25.708],[-100.1572,25.7076],[-100.1574,25.7072],[-100.158,25.7062],[-100.1581,25.7061],[-100.1583,25.7058],[-100.1583,25.7058],[-100.1586,25.7059],[-100.1592,25.706],[-100.161,25.7064],[-100.1617,25.7066],[-100.1618,25.7066],[-100.1619,25.7066],[-100.1619,25.7066],[-100.1619,25.7066],[-100.1619,25.7066],[-100.1622,25.7067],[-100.1626,25.7068],[-100.164,25.7071],[-100.164,25.7071],[-100.1641,25.7071],[-100.1641,25.7071],[-100.1641,25.7071],[-100.1641,25.7071],[-100.1641,25.7071],[-100.1641,25.7072],[-100.1641,25.7072],[-100.1641,25.7072],[-100.1641,25.7072],[-100.1641,25.7072],[-100.1648,25.7074],[-100.165,25.7074],[-100.1651,25.7074],[-100.1654,25.7074],[-100.1656,25.7075],[-100.1657,25.7075],[-100.1658,25.7075],[-100.166,25.7075],[-100.1661,25.7075],[-100.1661,25.7075],[-100.1662,25.7075],[-100.1662,25.7075],[-100.1666,25.7076],[-100.1672,25.7076],[-100.168,25.7077],[-100.168,25.7077],[-100.1681,25.7078],[-100.1681,25.7078],[-100.1681,25.7078],[-100.1681,25.7078],[-100.1681,25.7079],[-100.1681,25.7079],[-100.1682,25.7079],[-100.1684,25.7079],[-100.1685,25.7079],[-100.1687,25.7079],[-100.169,25.7079],[-100.1691,25.708],[-100.1694,25.7082],[-100.1699,25.7087],[-100.17,25.7087],[-100.17,25.7088],[-100.1703,25.7089],[-100.1706,25.7089],[-100.1708,25.7089],[-100.1714,25.7088],[-100.1716,25.7088],[-100.1717,25.7088],[-100.1721,25.709],[-100.1723,25.7088],[-100.1723,25.7088],[-100.1725,25.7086],[-100.1725,25.7086],[-100.1727,25.7084],[-100.1728,25.7083],[-100.1728,25.7083],[-100.1729,25.7082],[-100.1729,25.7081],[-100.1729,25.7081],[-100.173,25.7081],[-100.173,25.7081],[-100.173,25.7081],[-100.173,25.7081],[-100.173,25.7081],[-100.173,25.7081],[-100.173,25.7081],[-100.173,25.7081],[-100.173,25.708],[-100.173,25.708],[-100.173,25.708],[-100.173,25.708],[-100.173,25.708],[-100.173,25.708],[-100.173,25.708],[-100.173,25.708],[-100.173,25.708],[-100.173,25.708],[-100.173,25.708],[-100.173,25.708],[-100.1731,25.708],[-100.1731,25.708],[-100.1731,25.708],[-100.1731,25.7079],[-100.1733,25.7077],[-100.1733,25.7077],[-100.1733,25.7077],[-100.1734,25.7077],[-100.1735,25.7075],[-100.1737,25.7074],[-100.1737,25.7074],[-100.1737,25.7075],[-100.174,25.7078],[-100.1741,25.7079],[-100.1741,25.708],[-100.1741,25.7081],[-100.1742,25.7082],[-100.1742,25.7082],[-100.1742,25.7082],[-100.1742,25.7082],[-100.1742,25.7084],[-100.1742,25.7084],[-100.1742,25.7084],[-100.1742,25.7084],[-100.1742,25.7085],[-100.1742,25.7085],[-100.174,25.7087],[-100.174,25.7087],[-100.174,25.7087],[-100.1739,25.7088],[-100.1739,25.7088],[-100.1739,25.7088],[-100.1738,25.7089],[-100.1735,25.7089],[-100.1734,25.709],[-100.1732,25.709],[-100.1731,25.7091],[-100.173,25.7091],[-100.173,25.7091],[-100.173,25.7091],[-100.173,25.7091],[-100.173,25.7091],[-100.173,25.7091],[-100.173,25.7091],[-100.1738,25.7093],[-100.1767,25.71],[-100.1779,25.7102],[-100.1779,25.7102],[-100.1779,25.7102],[-100.1779,25.7102],[-100.1779,25.7102],[-100.1779,25.7102],[-100.1778,25.7104],[-100.1778,25.7104],[-100.1778,25.7104],[-100.1777,25.7107],[-100.1776,25.7107],[-100.1776,25.7107],[-100.1773,25.7111],[-100.1771,25.7112],[-100.177,25.7113],[-100.1768,25.7115],[-100.1767,25.7115],[-100.1765,25.7116],[-100.1765,25.7116],[-100.1765,25.7116],[-100.1765,25.7116],[-100.1765,25.7116],[-100.1765,25.7116],[-100.1767,25.7116],[-100.1772,25.7118],[-100.1776,25.7119],[-100.1778,25.7119],[-100.178,25.7119],[-100.178,25.7119],[-100.178,25.7119],[-100.1783,25.7119],[-100.1784,25.7119],[-100.1785,25.7118],[-100.1785,25.7118],[-100.1785,25.7118],[-100.1786,25.7118],[-100.1787,25.7119],[-100.1787,25.7119],[-100.1788,25.712],[-100.1789,25.712],[-100.1791,25.7121],[-100.1793,25.7121],[-100.1795,25.7121],[-100.1795,25.7121],[-100.1799,25.7121],[-100.1799,25.7121],[-100.1799,25.7121],[-100.1801,25.7121],[-100.1801,25.7121],[-100.1802,25.7121],[-100.1804,25.7123],[-100.1808,25.7129],[-100.1808,25.7129],[-100.1809,25.713],[-100.1811,25.7131],[-100.1813,25.7131],[-100.1813,25.7131],[-100.1813,25.7131],[-100.1825,25.713],[-100.1825,25.713],[-100.1829,25.7126],[-100.1831,25.7124],[-100.1832,25.7123],[-100.1833,25.7122],[-100.1835,25.7122],[-100.1836,25.7122],[-100.1836,25.7122],[-100.1837,25.7121],[-100.1837,25.7121],[-100.1837,25.7121],[-100.1839,25.7122],[-100.1841,25.7122],[-100.1843,25.7123],[-100.1844,25.7124],[-100.1846,25.7124],[-100.1846,25.7124],[-100.1846,25.7125],[-100.1846,25.7125],[-100.1846,25.7128],[-100.1845,25.7129],[-100.1845,25.7129],[-100.1845,25.7129],[-100.1845,25.713],[-100.1846,25.713],[-100.1846,25.713],[-100.1846,25.713],[-100.1844,25.7137],[-100.1844,25.7141],[-100.1843,25.7142],[-100.1843,25.7143],[-100.1843,25.7143],[-100.1843,25.7144],[-100.1843,25.7145],[-100.1842,25.7151],[-100.184,25.7156],[-100.184,25.7156],[-100.184,25.7156],[-100.184,25.7156],[-100.1841,25.7156],[-100.1841,25.7156],[-100.1841,25.7156],[-100.184,25.7159],[-100.184,25.7162],[-100.1839,25.7163],[-100.1839,25.7167],[-100.1838,25.7169],[-100.1838,25.7171],[-100.1837,25.7172],[-100.1837,25.7172],[-100.1837,25.7174],[-100.1837,25.7175],[-100.1836,25.7176],[-100.1836,25.7176],[-100.1836,25.7177],[-100.1836,25.7179],[-100.1835,25.7181],[-100.1835,25.7185],[-100.1834,25.7186],[-100.1834,25.7186],[-100.1834,25.7186],[-100.1834,25.7186],[-100.1834,25.7186],[-100.1834,25.7186],[-100.1834,25.7187],[-100.1834,25.7188],[-100.1833,25.7188],[-100.183,25.7204],[-100.183,25.7205],[-100.183,25.7205],[-100.183,25.7205],[-100.1825,25.7202],[-100.1823,25.7201],[-100.182,25.72],[-100.1811,25.7196],[-100.1811,25.7196],[-100.1809,25.7195],[-100.1808,25.7195],[-100.1807,25.7194],[-100.1806,25.7194],[-100.1806,25.7193],[-100.1806,25.7193],[-100.1805,25.7195],[-100.1805,25.7195],[-100.1805,25.7197],[-100.1805,25.7197],[-100.1804,25.7198],[-100.1804,25.7198],[-100.1804,25.7202],[-100.1804,25.7202],[-100.1803,25.7203],[-100.1803,25.7203],[-100.1803,25.7206],[-100.1803,25.7206],[-100.1803,25.7207],[-100.1803,25.7207],[-100.1802,25.7207],[-100.1802,25.7207],[-100.1802,25.7211],[-100.1802,25.7211],[-100.1802,25.7211],[-100.1802,25.7211],[-100.1801,25.7212],[-100.1801,25.7212],[-100.1801,25.7215],[-100.1801,25.7215],[-100.1801,25.7216],[-100.1801,25.7216],[-100.18,25.7216],[-100.18,25.7216],[-100.18,25.722],[-100.18,25.722],[-100.18,25.7221],[-100.18,25.7221],[-100.18,25.7221],[-100.18,25.7221],[-100.1799,25.7221],[-100.1799,25.7221],[-100.1799,25.7225],[-100.1799,25.7225],[-100.1799,25.7225],[-100.1799,25.7225],[-100.1798,25.7226],[-100.1798,25.7226],[-100.1798,25.7229],[-100.1798,25.7229],[-100.1798,25.723],[-100.1797,25.723],[-100.1797,25.723],[-100.1797,25.7234],[-100.1797,25.7234],[-100.1797,25.7234],[-100.1797,25.7234],[-100.1797,25.7235],[-100.1797,25.7235],[-100.1795,25.7243],[-100.1795,25.7243],[-100.1795,25.7244],[-100.1795,25.7244],[-100.1795,25.7244],[-100.1795,25.7244],[-100.1794,25.7248],[-100.1794,25.7248],[-100.1794,25.7248],[-100.1794,25.7248],[-100.1794,25.7248],[-100.1794,25.7248],[-100.1794,25.7249],[-100.1794,25.7249],[-100.1793,25.7252],[-100.1793,25.7252],[-100.1793,25.7253],[-100.1793,25.7253],[-100.1793,25.7253],[-100.1793,25.7253],[-100.1792,25.7255],[-100.1792,25.7255],[-100.1792,25.7257],[-100.1792,25.7257],[-100.1792,25.7257],[-100.1792,25.7257],[-100.1792,25.7258],[-100.1792,25.7258],[-100.1791,25.7262],[-100.1791,25.7262],[-100.1791,25.7263],[-100.1791,25.7263],[-100.179,25.7266],[-100.179,25.7266],[-100.179,25.7266],[-100.179,25.7266],[-100.179,25.7267],[-100.179,25.7267],[-100.1789,25.7271],[-100.1789,25.7271],[-100.1789,25.7271],[-100.1789,25.7271],[-100.1789,25.7271],[-100.1789,25.7271],[-100.1789,25.7272],[-100.1789,25.7272],[-100.1788,25.7275],[-100.1788,25.7275],[-100.1788,25.7276],[-100.1788,25.7276],[-100.1788,25.7276],[-100.1788,25.7276],[-100.1787,25.728],[-100.1787,25.728],[-100.1787,25.7281],[-100.1787,25.7281],[-100.1787,25.7281],[-100.1787,25.7281],[-100.1786,25.7285],[-100.1786,25.7285],[-100.1786,25.7285],[-100.1786,25.7285],[-100.1786,25.7286],[-100.1786,25.7286],[-100.1784,25.7293],[-100.1784,25.7293],[-100.1784,25.7294],[-100.1784,25.7294],[-100.1784,25.7294],[-100.1791,25.7295],[-100.1795,25.7295],[-100.1802,25.7296],[-100.1802,25.7296],[-100.1812,25.7297],[-100.1813,25.7297],[-100.1816,25.7297],[-100.1822,25.7297],[-100.1823,25.7297],[-100.1826,25.7298],[-100.1831,25.7298],[-100.1831,25.7298],[-100.1832,25.7298],[-100.1838,25.7299],[-100.1839,25.7299],[-100.184,25.7299],[-100.1843,25.7299],[-100.1847,25.7299],[-100.1848,25.7299],[-100.1852,25.73],[-100.1855,25.73],[-100.1856,25.73],[-100.186,25.73],[-100.1863,25.7301],[-100.1865,25.7301],[-100.1867,25.7301],[-100.1869,25.7301],[-100.1871,25.7301],[-100.1872,25.7301],[-100.1881,25.7302],[-100.1886,25.7302],[-100.189,25.7302],[-100.189,25.7302],[-100.1895,25.7302],[-100.19,25.7302],[-100.19,25.7302],[-100.19,25.7302],[-100.19,25.7302],[-100.19,25.7303],[-100.19,25.7303],[-100.1899,25.7304],[-100.1899,25.7304],[-100.1899,25.7304],[-100.1901,25.7304],[-100.1909,25.7305],[-100.1913,25.7305],[-100.1913,25.7305],[-100.1928,25.7306],[-100.1928,25.7306],[-100.1928,25.7306],[-100.1933,25.7307],[-100.1941,25.7307],[-100.1941,25.7307],[-100.1946,25.7308],[-100.1949,25.7308],[-100.1952,25.7308],[-100.1962,25.7309],[-100.1966,25.7309],[-100.197,25.731],[-100.1971,25.731],[-100.1987,25.7311],[-100.1989,25.7311],[-100.1991,25.7311],[-100.1998,25.7311],[-100.2002,25.7312],[-100.2006,25.7312],[-100.201,25.7312],[-100.2014,25.7312],[-100.2019,25.7313],[-100.2023,25.7313],[-100.2027,25.7314],[-100.2039,25.7315],[-100.204,25.7315],[-100.2041,25.7316],[-100.2042,25.7316],[-100.2048,25.7316],[-100.2052,25.7318],[-100.2053,25.7317],[-100.2054,25.7317],[-100.2055,25.7317],[-100.2055,25.7317],[-100.2056,25.7317],[-100.2057,25.7317],[-100.2058,25.7317],[-100.2059,25.7317],[-100.2059,25.7317],[-100.2061,25.7317],[-100.2063,25.7317],[-100.2066,25.7318],[-100.2067,25.7318],[-100.2069,25.7318],[-100.2069,25.7318],[-100.2069,25.7318],[-100.2069,25.7318],[-100.2069,25.7319],[-100.2069,25.7319],[-100.2069,25.7319],[-100.2069,25.7319],[-100.2069,25.7319],[-100.2069,25.7319],[-100.2069,25.7319],[-100.2067,25.7328],[-100.2067,25.7328],[-100.2067,25.7328],[-100.2093,25.7333],[-100.2094,25.7332],[-100.2097,25.7333],[-100.2104,25.7336],[-100.2104,25.7337],[-100.2107,25.7338],[-100.2117,25.7343],[-100.2123,25.7346],[-100.2125,25.7346],[-100.2126,25.7347],[-100.2127,25.7347],[-100.2127,25.7347],[-100.2127,25.7347],[-100.2127,25.7348],[-100.2127,25.7348],[-100.2134,25.7352],[-100.2134,25.7352],[-100.2135,25.7353],[-100.2139,25.7355],[-100.2148,25.7359],[-100.2148,25.7359],[-100.2149,25.736],[-100.2149,25.736],[-100.215,25.736],[-100.215,25.736],[-100.2155,25.7362],[-100.2158,25.7364],[-100.2171,25.7371],[-100.2174,25.7372],[-100.2174,25.7372],[-100.2174,25.7372],[-100.2174,25.7372],[-100.2174,25.7375],[-100.2174,25.7375],[-100.2188,25.7377],[-100.2188,25.7377],[-100.2188,25.7377],[-100.2187,25.7381],[-100.2187,25.7381],[-100.2187,25.7381],[-100.2187,25.7381],[-100.2192,25.7382],[-100.2192,25.7382],[-100.2192,25.7382],[-100.2192,25.7382],[-100.2192,25.7382],[-100.2196,25.7383],[-100.2196,25.7383],[-100.2196,25.7383],[-100.2194,25.7396],[-100.2194,25.7396],[-100.2249,25.7405],[-100.2249,25.7405],[-100.2256,25.7406],[-100.2256,25.7406],[-100.2256,25.7406],[-100.2253,25.7413],[-100.2253,25.7413],[-100.2253,25.7413],[-100.2302,25.7439],[-100.2304,25.744],[-100.2317,25.7447],[-100.2376,25.7477],[-100.238,25.746],[-100.238,25.746],[-100.2384,25.7468],[-100.2385,25.7469],[-100.2393,25.7482],[-100.2396,25.7488],[-100.2397,25.7489],[-100.2397,25.749],[-100.24,25.7496],[-100.2401,25.7497],[-100.2403,25.7499],[-100.2405,25.7503],[-100.2409,25.7509],[-100.2421,25.7523],[-100.2433,25.7538],[-100.2436,25.7541],[-100.2442,25.7548],[-100.2443,25.7549],[-100.2445,25.7551],[-100.2446,25.7553],[-100.2449,25.7556],[-100.245,25.7557],[-100.245,25.7557],[-100.2453,25.7557],[-100.246,25.7559],[-100.2466,25.756],[-100.247,25.756],[-100.2473,25.756],[-100.2475,25.756],[-100.2478,25.7561],[-100.2479,25.7561],[-100.2479,25.7561],[-100.248,25.7561],[-100.248,25.7561],[-100.2482,25.7563],[-100.2484,25.7564],[-100.2485,25.7564],[-100.2485,25.7565],[-100.2488,25.7568],[-100.2491,25.7571],[-100.2494,25.7573],[-100.2495,25.7574],[-100.2498,25.7576],[-100.2501,25.7577],[-100.2505,25.7579],[-100.2508,25.7581],[-100.2512,25.7584],[-100.2523,25.759],[-100.2525,25.7591],[-100.2527,25.7592],[-100.2527,25.7592],[-100.2528,25.7592],[-100.2531,25.7593],[-100.2532,25.7593],[-100.2532,25.7593],[-100.2533,25.7594],[-100.2534,25.7594],[-100.2538,25.7596],[-100.2539,25.7596],[-100.2539,25.7596],[-100.2539,25.7597],[-100.254,25.7597],[-100.2541,25.7598],[-100.2542,25.7598],[-100.2544,25.7599],[-100.2545,25.7599],[-100.255,25.7602],[-100.2563,25.7609],[-100.2573,25.7614],[-100.2573,25.7614],[-100.2575,25.7615],[-100.2579,25.7617],[-100.2592,25.7624],[-100.2597,25.7626],[-100.2609,25.7632],[-100.2609,25.763],[-100.2623,25.7634],[-100.2623,25.7634],[-100.2623,25.7634],[-100.2622,25.7637],[-100.2622,25.7637],[-100.2637,25.7641],[-100.2638,25.7637],[-100.2653,25.764],[-100.2671,25.7643],[-100.2671,25.7643],[-100.2671,25.7643],[-100.267,25.7646],[-100.2669,25.7648],[-100.2669,25.765],[-100.2669,25.765],[-100.2668,25.7653],[-100.2667,25.7656],[-100.2667,25.7657],[-100.2667,25.7657],[-100.2666,25.7659],[-100.2666,25.766],[-100.2666,25.766],[-100.2666,25.766],[-100.2666,25.7661],[-100.2666,25.7661],[-100.2667,25.7675],[-100.2667,25.7675],[-100.2667,25.7675],[-100.2667,25.7681],[-100.2668,25.7681],[-100.2668,25.7681],[-100.267,25.7704],[-100.267,25.7704],[-100.267,25.7704],[-100.267,25.7704],[-100.267,25.7705],[-100.267,25.7705],[-100.267,25.7707],[-100.267,25.7707],[-100.267,25.7708],[-100.267,25.7708],[-100.267,25.7708],[-100.267,25.7708],[-100.267,25.7709],[-100.267,25.7709],[-100.267,25.7709],[-100.267,25.7709],[-100.267,25.771],[-100.267,25.771],[-100.267,25.771],[-100.267,25.771],[-100.2672,25.7725],[-100.2672,25.7725],[-100.2672,25.7725],[-100.2672,25.7725],[-100.2672,25.7726],[-100.2672,25.7726],[-100.2673,25.7737],[-100.2673,25.7737],[-100.2673,25.7737],[-100.2673,25.7737],[-100.2673,25.7737],[-100.2673,25.7737],[-100.2673,25.7741],[-100.2673,25.7741],[-100.2674,25.7753],[-100.2674,25.7753],[-100.2674,25.7753],[-100.2674,25.7753],[-100.2674,25.7753],[-100.2674,25.7753],[-100.2675,25.7764],[-100.2675,25.7764],[-100.2675,25.7764],[-100.2675,25.7764],[-100.2675,25.7764],[-100.2675,25.7764],[-100.2676,25.7765],[-100.2676,25.7765],[-100.2677,25.7779],[-100.2677,25.7779],[-100.2677,25.7779],[-100.2677,25.7779],[-100.2677,25.778],[-100.2677,25.778],[-100.2677,25.778],[-100.2677,25.778],[-100.2677,25.778],[-100.2677,25.778],[-100.2677,25.778],[-100.2677,25.778],[-100.2678,25.7792],[-100.2678,25.7792],[-100.2678,25.7792],[-100.2678,25.7792],[-100.2678,25.7796],[-100.2678,25.7796],[-100.2678,25.7796],[-100.2679,25.7803],[-100.2679,25.7803],[-100.2679,25.7803],[-100.2679,25.7803],[-100.2679,25.7803],[-100.2679,25.7803],[-100.2679,25.7804],[-100.2679,25.7804],[-100.2679,25.7804],[-100.2681,25.7822],[-100.2681,25.7822],[-100.2681,25.7824],[-100.2681,25.7824],[-100.2681,25.7825],[-100.2681,25.7825],[-100.2681,25.7825],[-100.2681,25.7825],[-100.2681,25.7826],[-100.2681,25.7826],[-100.2683,25.7842],[-100.2683,25.7842],[-100.2683,25.7843],[-100.2683,25.7843],[-100.2685,25.7854],[-100.2685,25.7854],[-100.2685,25.7854],[-100.2685,25.7854],[-100.2685,25.7854],[-100.2685,25.7854],[-100.2685,25.7858],[-100.2685,25.7858],[-100.2685,25.7858],[-100.2685,25.7858],[-100.2685,25.7858],[-100.2685,25.7858],[-100.2685,25.7862],[-100.2685,25.7862],[-100.2685,25.7863],[-100.2685,25.7863],[-100.2686,25.7867],[-100.2686,25.7867],[-100.2687,25.7875],[-100.2687,25.7875],[-100.2687,25.7876],[-100.2687,25.7876],[-100.2687,25.7877],[-100.2687,25.7877],[-100.2687,25.7878],[-100.2687,25.7878],[-100.2688,25.7889],[-100.2688,25.7889],[-100.2688,25.7889],[-100.2688,25.7889],[-100.2689,25.7898],[-100.2689,25.7898],[-100.2689,25.7899],[-100.2689,25.7899],[-100.2689,25.7899],[-100.2689,25.7899],[-100.269,25.7911],[-100.269,25.7911],[-100.269,25.7911],[-100.269,25.7911],[-100.269,25.7911],[-100.269,25.7911],[-100.269,25.7914],[-100.269,25.7914],[-100.2691,25.7917],[-100.2691,25.7917],[-100.2691,25.7917],[-100.2691,25.7917],[-100.2691,25.7917],[-100.2691,25.7917],[-100.2691,25.7918],[-100.2692,25.7918],[-100.2692,25.7917],[-100.2692,25.7917],[-100.2692,25.7917],[-100.2692,25.7917],[-100.2692,25.7919],[-100.2692,25.7919],[-100.2693,25.793],[-100.2693,25.793],[-100.2693,25.7932],[-100.2693,25.7932],[-100.2694,25.7945],[-100.2694,25.7945],[-100.2695,25.7953],[-100.2695,25.7953],[-100.2695,25.7954],[-100.2695,25.7954],[-100.2695,25.7962],[-100.2695,25.7962],[-100.2697,25.7978],[-100.2697,25.7978],[-100.2698,25.7986],[-100.2698,25.7986],[-100.27,25.8005],[-100.27,25.8005],[-100.27,25.8008],[-100.27,25.8008],[-100.27,25.8009],[-100.27,25.8009],[-100.27,25.8009],[-100.27,25.8009],[-100.27,25.801],[-100.27,25.801],[-100.27,25.801],[-100.27,25.801],[-100.27,25.801],[-100.27,25.801],[-100.27,25.801],[-100.27,25.8011],[-100.27,25.8011],[-100.27,25.8011],[-100.27,25.8011],[-100.27,25.8012],[-100.27,25.8012],[-100.27,25.8012],[-100.27,25.8012],[-100.27,25.8012],[-100.27,25.802],[-100.27,25.802],[-100.27,25.802],[-100.27,25.802],[-100.27,25.802],[-100.2698,25.8025],[-100.2697,25.8027],[-100.2694,25.8031],[-100.2692,25.8033],[-100.2691,25.8034],[-100.2688,25.804],[-100.2688,25.804],[-100.2686,25.804],[-100.2686,25.804],[-100.2683,25.804],[-100.2682,25.804],[-100.2681,25.804],[-100.2679,25.804],[-100.2679,25.804],[-100.2677,25.804],[-100.2677,25.804],[-100.2676,25.804],[-100.2676,25.804],[-100.2676,25.804],[-100.2674,25.804],[-100.2672,25.804],[-100.2671,25.8039],[-100.2669,25.8039],[-100.2668,25.8038],[-100.2666,25.8037],[-100.2664,25.8037],[-100.2663,25.8036],[-100.266,25.8035],[-100.2658,25.8035],[-100.2651,25.8032],[-100.2647,25.8031],[-100.2642,25.8029],[-100.2642,25.8029],[-100.2639,25.8028],[-100.2635,25.8027],[-100.2631,25.8025],[-100.2626,25.8023],[-100.2619,25.8022],[-100.2613,25.802],[-100.2613,25.802],[-100.2613,25.802],[-100.2613,25.802],[-100.2613,25.802],[-100.2613,25.8022],[-100.2613,25.8022],[-100.2613,25.8022],[-100.2613,25.8022],[-100.2613,25.8024],[-100.2613,25.8024],[-100.2614,25.8027],[-100.2614,25.8027],[-100.2614,25.8028],[-100.2614,25.8028],[-100.2614,25.8028],[-100.2614,25.8028],[-100.2615,25.8031],[-100.2615,25.8032],[-100.2615,25.8032],[-100.2615,25.8032],[-100.2615,25.8032],[-100.2615,25.8032],[-100.2615,25.8032],[-100.2615,25.8032],[-100.2616,25.8033],[-100.2616,25.8034],[-100.2616,25.8034],[-100.2617,25.8034],[-100.2617,25.8034],[-100.2617,25.8035],[-100.2617,25.8035],[-100.2617,25.8035],[-100.2617,25.8035],[-100.2617,25.8035],[-100.2616,25.8035],[-100.2616,25.8035],[-100.2616,25.8036],[-100.2616,25.8036],[-100.2616,25.8037],[-100.2616,25.8037],[-100.2616,25.8037],[-100.2616,25.8037],[-100.2616,25.8037],[-100.2616,25.8037],[-100.2617,25.8043],[-100.2617,25.8043],[-100.2618,25.8047],[-100.2618,25.8047],[-100.2618,25.8049],[-100.2618,25.8049],[-100.2618,25.8051],[-100.2618,25.8051],[-100.2619,25.8053],[-100.2619,25.8053],[-100.2619,25.8055],[-100.2619,25.8055],[-100.2619,25.8056],[-100.2619,25.8056],[-100.262,25.8058],[-100.262,25.8058],[-100.262,25.806],[-100.262,25.806],[-100.262,25.8062],[-100.262,25.8062],[-100.2621,25.8064],[-100.2621,25.8064],[-100.2621,25.8066],[-100.2621,25.8066],[-100.2621,25.8067],[-100.2621,25.8067],[-100.2621,25.807],[-100.2621,25.807],[-100.2622,25.8071],[-100.2622,25.8071],[-100.2622,25.8073],[-100.2622,25.8073],[-100.2622,25.8075],[-100.2622,25.8075],[-100.2622,25.8075],[-100.2622,25.8075],[-100.2623,25.8077],[-100.2623,25.8077],[-100.2623,25.8079],[-100.2623,25.8079],[-100.2623,25.8081],[-100.2623,25.8081],[-100.2624,25.8085],[-100.2624,25.8085],[-100.2624,25.8088],[-100.2624,25.8088],[-100.2625,25.8094],[-100.2625,25.8094],[-100.2626,25.8098],[-100.2626,25.8098],[-100.2627,25.8101],[-100.2627,25.8101],[-100.2627,25.8105],[-100.2627,25.8105],[-100.2628,25.8109],[-100.2628,25.8109],[-100.2628,25.8109],[-100.2628,25.8109],[-100.2628,25.8113],[-100.2628,25.8113],[-100.2628,25.8113],[-100.2628,25.8113],[-100.2629,25.8116],[-100.2629,25.8116],[-100.2629,25.8116],[-100.2629,25.8116],[-100.2629,25.812],[-100.2629,25.812],[-100.263,25.8124],[-100.263,25.8124],[-100.2631,25.8132],[-100.2631,25.8132],[-100.2632,25.8132],[-100.2632,25.8132],[-100.2632,25.8134],[-100.2632,25.8134],[-100.2632,25.8136],[-100.2632,25.8136],[-100.2632,25.8136],[-100.2632,25.8136],[-100.2633,25.8138],[-100.2633,25.8138],[-100.2633,25.814],[-100.2633,25.814],[-100.2633,25.8142],[-100.2633,25.8142],[-100.2633,25.8144],[-100.2633,25.8144],[-100.2634,25.8146],[-100.2634,25.8146],[-100.2634,25.8148],[-100.2634,25.8148],[-100.2634,25.8149],[-100.2634,25.8149],[-100.2634,25.8149],[-100.2634,25.8149],[-100.2634,25.8149],[-100.2634,25.8149],[-100.2634,25.8149],[-100.2634,25.815],[-100.2634,25.815],[-100.2634,25.815],[-100.2634,25.815],[-100.2634,25.815],[-100.2634,25.815],[-100.2645,25.8211],[-100.2646,25.8213],[-100.2646,25.8214],[-100.2646,25.8214],[-100.2647,25.8215],[-100.2647,25.8215],[-100.2648,25.8215],[-100.2648,25.8215],[-100.2648,25.8215],[-100.2647,25.8218],[-100.2647,25.8218],[-100.2647,25.8218],[-100.2647,25.8219],[-100.2647,25.822],[-100.2647,25.822],[-100.2647,25.822],[-100.2648,25.8227],[-100.2648,25.8227],[-100.2648,25.8235],[-100.2648,25.8235],[-100.2648,25.8235],[-100.2648,25.8235],[-100.2648,25.8235],[-100.2648,25.8235],[-100.2649,25.8237],[-100.2649,25.8237],[-100.265,25.8243],[-100.265,25.8243],[-100.265,25.8244],[-100.265,25.8244],[-100.265,25.8245],[-100.265,25.8245],[-100.265,25.8245],[-100.265,25.8245],[-100.2651,25.8253],[-100.2651,25.8253],[-100.2653,25.8261],[-100.2653,25.8261],[-100.2654,25.8271],[-100.2654,25.8271],[-100.2654,25.8271],[-100.2654,25.8271],[-100.2654,25.8273],[-100.2654,25.8273],[-100.2654,25.8273],[-100.2654,25.8273],[-100.2659,25.8302],[-100.2659,25.8302],[-100.2659,25.8302],[-100.2675,25.83],[-100.2675,25.83],[-100.2675,25.83],[-100.2675,25.8302],[-100.2676,25.8307],[-100.2676,25.8308],[-100.2681,25.8346],[-100.2682,25.8348],[-100.2682,25.835],[-100.2682,25.8351],[-100.2688,25.8384],[-100.2688,25.8384],[-100.2689,25.8386],[-100.2689,25.8386],[-100.2706,25.8457],[-100.271,25.8464],[-100.2728,25.8494],[-100.2717,25.8495],[-100.2717,25.8495],[-100.2717,25.8562],[-100.2716,25.8563],[-100.2716,25.8585],[-100.2716,25.8605],[-100.2716,25.8613],[-100.2716,25.8614],[-100.2716,25.8614],[-100.2716,25.8614],[-100.2716,25.8616],[-100.2716,25.8617],[-100.2716,25.8618],[-100.2716,25.8624],[-100.2716,25.8624],[-100.2716,25.8624],[-100.2716,25.8627],[-100.2716,25.8635],[-100.2716,25.8646],[-100.2717,25.8657],[-100.2717,25.8668],[-100.2717,25.867],[-100.2717,25.8671],[-100.2717,25.8672],[-100.2717,25.868],[-100.2717,25.8688],[-100.2717,25.8688],[-100.2717,25.8688],[-100.2717,25.869],[-100.2717,25.8695],[-100.2717,25.8701],[-100.2717,25.8706],[-100.2717,25.8709],[-100.2717,25.871],[-100.2717,25.8713],[-100.2717,25.8718],[-100.2717,25.8718],[-100.2716,25.8718],[-100.2716,25.8718],[-100.2714,25.8719],[-100.2701,25.8724],[-100.2701,25.8724],[-100.27,25.8724],[-100.2654,25.8744],[-100.2654,25.8744],[-100.2653,25.8744],[-100.2642,25.8749],[-100.2629,25.8755],[-100.2629,25.8755],[-100.2628,25.8755],[-100.2621,25.8758],[-100.262,25.8758],[-100.262,25.8758],[-100.262,25.8759],[-100.262,25.8759],[-100.2587,25.8773],[-100.2586,25.8773],[-100.2586,25.8773],[-100.2586,25.8773],[-100.2585,25.8773],[-100.2583,25.8774],[-100.2582,25.8775],[-100.2574,25.8778],[-100.2566,25.8781],[-100.2563,25.8783],[-100.2562,25.8783],[-100.2562,25.8783],[-100.2561,25.8783],[-100.2558,25.8784],[-100.2548,25.8789],[-100.2548,25.8789],[-100.2548,25.8789],[-100.2541,25.8792],[-100.2541,25.8792],[-100.254,25.8793],[-100.254,25.8793],[-100.254,25.8793],[-100.254,25.8793],[-100.2539,25.8792]]]]},"properties":{"cveMuni":"19006","nombre":"Apodaca"}},{"type":"Feature","geometry":{"type":"MultiPolygon","coordinates":[[[[-100.267,25.7704],[-100.267,25.7704],[-100.267,25.7704],[-100.267,25.7704],[-100.2668,25.7681],[-100.2668,25.7681],[-100.2667,25.7681],[-100.2667,25.7675],[-100.2667,25.7675],[-100.2667,25.7675],[-100.2666,25.7661],[-100.2666,25.7661],[-100.2666,25.766],[-100.2666,25.766],[-100.2666,25.766],[-100.2666,25.7659],[-100.2667,25.7657],[-100.2667,25.7657],[-100.2667,25.7656],[-100.2668,25.7653],[-100.2669,25.765],[-100.2669,25.765],[-100.2669,25.7648],[-100.267,25.7646],[-100.2671,25.7643],[-100.2671,25.7643],[-100.2671,25.7643],[-100.2653,25.764],[-100.2638,25.7637],[-100.2637,25.7641],[-100.2622,25.7637],[-100.2622,25.7637],[-100.2623,25.7634],[-100.2623,25.7634],[-100.2623,25.7634],[-100.2609,25.763],[-100.2609,25.7632],[-100.2597,25.7626],[-100.2592,25.7624],[-100.2579,25.7617],[-100.2575,25.7615],[-100.2573,25.7614],[-100.2573,25.7614],[-100.2563,25.7609],[-100.255,25.7602],[-100.2545,25.7599],[-100.2544,25.7599],[-100.2542,25.7598],[-100.2541,25.7598],[-100.254,25.7597],[-100.2539,25.7597],[-100.2539,25.7596],[-100.2539,25.7596],[-100.2538,25.7596],[-100.2534,25.7594],[-100.2533,25.7594],[-100.2532,25.7593],[-100.2532,25.7593],[-100.2531,25.7593],[-100.2528,25.7592],[-100.2527,25.7592],[-100.2527,25.7592],[-100.2525,25.7591],[-100.2523,25.759],[-100.2512,25.7584],[-100.2508,25.7581],[-100.2505,25.7579],[-100.2501,25.7577],[-100.2498,25.7576],[-100.2495,25.7574],[-100.2494,25.7573],[-100.2491,25.7571],[-100.2488,25.7568],[-100.2485,25.7565],[-100.2485,25.7564],[-100.2484,25.7564],[-100.2482,25.7563],[-100.248,25.7561],[-100.248,25.7561],[-100.2479,25.7561],[-100.2479,25.7561],[-100.2478,25.7561],[-100.2475,25.756],[-100.2473,25.756],[-100.247,25.756],[-100.2466,25.756],[-100.246,25.7559],[-100.2453,25.7557],[-100.245,25.7557],[-100.245,25.7557],[-100.2449,25.7556],[-100.2446,25.7553],[-100.2445,25.7551],[-100.2443,25.7549],[-100.2442,25.7548],[-100.2436,25.7541],[-100.2433,25.7538],[-100.2421,25.7523],[-100.2409,25.7509],[-100.2405,25.7503],[-100.2403,25.7499],[-100.2401,25.7497],[-100.24,25.7496],[-100.2397,25.749],[-100.2397,25.7489],[-100.2396,25.7488],[-100.2393,25.7482],[-100.2385,25.7469],[-100.2384,25.7468],[-100.238,25.746],[-100.238,25.746],[-100.2376,25.7477],[-100.2317,25.7447],[-100.2304,25.744],[-100.2302,25.7439],[-100.2253,25.7413],[-100.2253,25.7413],[-100.2253,25.7413],[-100.2256,25.7406],[-100.2256,25.7406],[-100.2256,25.7406],[-100.2249,25.7405],[-100.2249,25.7405],[-100.2194,25.7396],[-100.2194,25.7396],[-100.2196,25.7383],[-100.2196,25.7383],[-100.2196,25.7383],[-100.2192,25.7382],[-100.2192,25.7382],[-100.2192,25.7382],[-100.2192,25.7382],[-100.2192,25.7382],[-100.2187,25.7381],[-100.2187,25.7381],[-100.2187,25.7381],[-100.2187,25.7381],[-100.2188,25.7377],[-100.2188,25.7377],[-100.2188,25.7377],[-100.2174,25.7375],[-100.2174,25.7375],[-100.2174,25.7372],[-100.2174,25.7372],[-100.2174,25.7372],[-100.2174,25.7372],[-100.2171,25.7371],[-100.2158,25.7364],[-100.2155,25.7362],[-100.215,25.736],[-100.215,25.736],[-100.2149,25.736],[-100.2149,25.736],[-100.2148,25.7359],[-100.2148,25.7359],[-100.2139,25.7355],[-100.2135,25.7353],[-100.2134,25.7352],[-100.2134,25.7352],[-100.2127,25.7348],[-100.2127,25.7348],[-100.2127,25.7347],[-100.2127,25.7347],[-100.2127,25.7347],[-100.2126,25.7347],[-100.2125,25.7346],[-100.2123,25.7346],[-100.2117,25.7343],[-100.2107,25.7338],[-100.2104,25.7337],[-100.2104,25.7336],[-100.2097,25.7333],[-100.2094,25.7332],[-100.2093,25.7333],[-100.2067,25.7328],[-100.2067,25.7328],[-100.2067,25.7328],[-100.2069,25.7319],[-100.2069,25.7319],[-100.2069,25.7319],[-100.2069,25.7319],[-100.2069,25.7319],[-100.2069,25.7319],[-100.2069,25.7319],[-100.2069,25.7318],[-100.2069,25.7318],[-100.2068,25.7312],[-100.2067,25.7309],[-100.2066,25.7304],[-100.2065,25.7301],[-100.2065,25.7297],[-100.2064,25.7294],[-100.2061,25.7294],[-100.2061,25.7294],[-100.2061,25.7294],[-100.2056,25.7274],[-100.2055,25.7264],[-100.2057,25.7226],[-100.2027,25.7222],[-100.2034,25.7214],[-100.2031,25.7214],[-100.2032,25.7212],[-100.2032,25.7212],[-100.2036,25.7186],[-100.2038,25.7182],[-100.2041,25.7181],[-100.2042,25.7181],[-100.2043,25.7181],[-100.2044,25.7181],[-100.2045,25.7181],[-100.2045,25.7181],[-100.2046,25.718],[-100.2047,25.718],[-100.2049,25.7179],[-100.2051,25.7178],[-100.2053,25.7176],[-100.2054,25.7176],[-100.2056,25.7176],[-100.2066,25.7176],[-100.2068,25.7176],[-100.207,25.7176],[-100.2071,25.7176],[-100.2072,25.7175],[-100.2074,25.7174],[-100.2075,25.7171],[-100.2076,25.7168],[-100.2077,25.7166],[-100.2078,25.7163],[-100.2079,25.7163],[-100.2082,25.7162],[-100.2098,25.7159],[-100.2114,25.7156],[-100.2117,25.7155],[-100.2118,25.7155],[-100.2126,25.7153],[-100.2127,25.7153],[-100.2129,25.7152],[-100.213,25.7151],[-100.2143,25.7144],[-100.2151,25.7139],[-100.2159,25.7134],[-100.2167,25.713],[-100.217,25.7127],[-100.2171,25.713],[-100.2171,25.7131],[-100.2171,25.7133],[-100.2178,25.7131],[-100.2189,25.7127],[-100.2189,25.7117],[-100.2193,25.7117],[-100.2195,25.7118],[-100.2198,25.7119],[-100.2206,25.7123],[-100.2207,25.7124],[-100.221,25.7124],[-100.2211,25.7125],[-100.2213,25.7125],[-100.2218,25.7124],[-100.2232,25.7122],[-100.225,25.712],[-100.2254,25.7119],[-100.2267,25.7117],[-100.2273,25.7116],[-100.228,25.7116],[-100.2283,25.7115],[-100.2284,25.7115],[-100.2285,25.7118],[-100.2288,25.7118],[-100.2288,25.7119],[-100.229,25.712],[-100.2291,25.7121],[-100.2292,25.7123],[-100.2294,25.7126],[-100.2295,25.7126],[-100.2297,25.7127],[-100.2304,25.713],[-100.2311,25.7131],[-100.2315,25.7132],[-100.2317,25.7132],[-100.232,25.7132],[-100.2323,25.7131],[-100.2325,25.7129],[-100.2326,25.7127],[-100.2327,25.7126],[-100.2328,25.7125],[-100.2328,25.7116],[-100.2327,25.7113],[-100.2326,25.711],[-100.2325,25.7108],[-100.234,25.7105],[-100.2346,25.7103],[-100.236,25.71],[-100.237,25.7098],[-100.2379,25.7095],[-100.2391,25.7092],[-100.2402,25.7088],[-100.241,25.7086],[-100.2413,25.7085],[-100.2416,25.7085],[-100.2418,25.7085],[-100.2419,25.7085],[-100.2422,25.7084],[-100.2426,25.7084],[-100.2428,25.7083],[-100.243,25.7083],[-100.2432,25.7083],[-100.2434,25.7082],[-100.2435,25.7081],[-100.244,25.7078],[-100.2448,25.7073],[-100.2449,25.7072],[-100.2451,25.707],[-100.2453,25.7069],[-100.2454,25.7068],[-100.2457,25.7064],[-100.246,25.7061],[-100.2463,25.706],[-100.2464,25.7059],[-100.2466,25.7058],[-100.2467,25.7058],[-100.2469,25.7058],[-100.2477,25.7058],[-100.2487,25.7059],[-100.2487,25.7059],[-100.2488,25.7059],[-100.2496,25.7057],[-100.2499,25.7057],[-100.25,25.7056],[-100.2501,25.7056],[-100.2507,25.7053],[-100.2508,25.7053],[-100.2509,25.7052],[-100.2509,25.7052],[-100.251,25.7051],[-100.2511,25.7051],[-100.2512,25.7051],[-100.2512,25.7051],[-100.2513,25.705],[-100.2514,25.705],[-100.2516,25.705],[-100.2519,25.705],[-100.2521,25.7052],[-100.2523,25.7054],[-100.2525,25.7055],[-100.2526,25.7057],[-100.2528,25.706],[-100.2528,25.7061],[-100.2529,25.7061],[-100.2529,25.7061],[-100.253,25.7061],[-100.253,25.7062],[-100.2531,25.7062],[-100.2533,25.7062],[-100.2539,25.7062],[-100.2542,25.7062],[-100.2543,25.7061],[-100.2544,25.706],[-100.2544,25.706],[-100.2544,25.706],[-100.2545,25.7059],[-100.2545,25.7059],[-100.2545,25.7052],[-100.2546,25.705],[-100.2547,25.7048],[-100.2549,25.7047],[-100.2549,25.7047],[-100.2557,25.7042],[-100.256,25.7041],[-100.2563,25.704],[-100.2564,25.704],[-100.2566,25.704],[-100.2568,25.704],[-100.257,25.7041],[-100.2575,25.7043],[-100.2578,25.7044],[-100.258,25.7045],[-100.258,25.7045],[-100.2581,25.7045],[-100.2582,25.7045],[-100.2583,25.7045],[-100.2583,25.7045],[-100.2583,25.7045],[-100.2583,25.7045],[-100.2584,25.7045],[-100.2584,25.7045],[-100.2585,25.7044],[-100.2587,25.7042],[-100.259,25.704],[-100.2591,25.7039],[-100.2591,25.7039],[-100.2592,25.7038],[-100.2592,25.7038],[-100.2593,25.7038],[-100.2593,25.7037],[-100.2593,25.7037],[-100.2593,25.7037],[-100.2593,25.7036],[-100.2593,25.7035],[-100.2593,25.7033],[-100.2591,25.7033],[-100.2591,25.7031],[-100.2591,25.7028],[-100.2591,25.7027],[-100.2592,25.7026],[-100.2592,25.7025],[-100.2593,25.7024],[-100.2594,25.7023],[-100.2595,25.7019],[-100.2596,25.7018],[-100.2596,25.7017],[-100.2598,25.7015],[-100.2599,25.7014],[-100.2599,25.7013],[-100.26,25.7013],[-100.26,25.7013],[-100.2607,25.7013],[-100.2611,25.7013],[-100.2612,25.7013],[-100.2618,25.7013],[-100.2618,25.7012],[-100.2618,25.7012],[-100.2618,25.7012],[-100.2618,25.7012],[-100.262,25.7013],[-100.2629,25.7013],[-100.2633,25.7013],[-100.2636,25.7013],[-100.2636,25.7013],[-100.2638,25.7012],[-100.2642,25.7015],[-100.2645,25.7018],[-100.2647,25.702],[-100.265,25.702],[-100.265,25.7021],[-100.2662,25.7022],[-100.2668,25.7023],[-100.2668,25.7023],[-100.2674,25.7028],[-100.2679,25.7033],[-100.2682,25.7033],[-100.2682,25.7033],[-100.2682,25.7034],[-100.2682,25.7034],[-100.2682,25.7057],[-100.2682,25.7057],[-100.2682,25.706],[-100.2682,25.7063],[-100.2682,25.7063],[-100.2681,25.7075],[-100.2681,25.7075],[-100.2681,25.7075],[-100.2681,25.7075],[-100.2681,25.7075],[-100.2681,25.7077],[-100.2681,25.7077],[-100.2681,25.7077],[-100.2681,25.7077],[-100.2681,25.7078],[-100.2682,25.7078],[-100.2682,25.708],[-100.2684,25.7082],[-100.2686,25.7082],[-100.2686,25.7082],[-100.2688,25.7082],[-100.269,25.7083],[-100.2704,25.7083],[-100.2705,25.7083],[-100.2714,25.7082],[-100.2715,25.7082],[-100.2727,25.7082],[-100.2729,25.7082],[-100.2753,25.7082],[-100.2754,25.7082],[-100.2773,25.7082],[-100.2773,25.7082],[-100.2818,25.7081],[-100.2818,25.7081],[-100.2829,25.7081],[-100.2838,25.7081],[-100.2877,25.7093],[-100.2877,25.7093],[-100.2925,25.7113],[-100.2937,25.7118],[-100.2948,25.7123],[-100.296,25.7128],[-100.296,25.7128],[-100.2966,25.713],[-100.2974,25.7133],[-100.2974,25.7133],[-100.2975,25.7134],[-100.2984,25.7137],[-100.2984,25.7137],[-100.2985,25.7137],[-100.2988,25.7139],[-100.2988,25.7139],[-100.2993,25.7141],[-100.2994,25.7141],[-100.2994,25.7141],[-100.2994,25.7141],[-100.3003,25.7145],[-100.3003,25.7145],[-100.3004,25.7145],[-100.3011,25.7148],[-100.3012,25.7149],[-100.3012,25.7149],[-100.3021,25.7152],[-100.3021,25.7152],[-100.307,25.7172],[-100.307,25.7172],[-100.3079,25.7176],[-100.3079,25.7176],[-100.3103,25.7185],[-100.3103,25.7185],[-100.3103,25.7185],[-100.3101,25.719],[-100.3098,25.72],[-100.3096,25.7205],[-100.3096,25.7205],[-100.3096,25.7205],[-100.3141,25.7218],[-100.3141,25.7218],[-100.3171,25.7227],[-100.3171,25.7235],[-100.3171,25.7235],[-100.3171,25.7238],[-100.3171,25.7238],[-100.3171,25.7238],[-100.3171,25.7241],[-100.3171,25.7241],[-100.3171,25.7243],[-100.3171,25.7259],[-100.3171,25.7268],[-100.3172,25.7274],[-100.3172,25.7278],[-100.3172,25.7281],[-100.3172,25.7281],[-100.3172,25.7281],[-100.3172,25.7285],[-100.3171,25.7285],[-100.317,25.729],[-100.3168,25.7293],[-100.3167,25.7296],[-100.3167,25.7296],[-100.3166,25.73],[-100.3165,25.7303],[-100.3164,25.7305],[-100.3163,25.7309],[-100.3162,25.7311],[-100.3162,25.7311],[-100.3162,25.7312],[-100.3161,25.7314],[-100.3161,25.7316],[-100.316,25.7316],[-100.316,25.7316],[-100.316,25.7316],[-100.316,25.7318],[-100.316,25.7318],[-100.316,25.7318],[-100.316,25.7318],[-100.3166,25.732],[-100.3173,25.7322],[-100.3173,25.7322],[-100.3176,25.7323],[-100.3178,25.7323],[-100.3178,25.7323],[-100.3178,25.7323],[-100.3178,25.7323],[-100.3174,25.7338],[-100.3171,25.7349],[-100.3171,25.7349],[-100.3171,25.7349],[-100.3171,25.7349],[-100.3172,25.7349],[-100.3173,25.7349],[-100.318,25.7349],[-100.318,25.7349],[-100.3181,25.735],[-100.3182,25.7351],[-100.3183,25.7352],[-100.3183,25.7353],[-100.3183,25.7353],[-100.3183,25.7355],[-100.3183,25.7355],[-100.3183,25.7355],[-100.3183,25.7358],[-100.3183,25.7362],[-100.3183,25.7362],[-100.3183,25.7367],[-100.3183,25.7367],[-100.3183,25.7373],[-100.3183,25.7373],[-100.3183,25.7373],[-100.3194,25.7374],[-100.32,25.7374],[-100.32,25.7374],[-100.3206,25.7375],[-100.3208,25.7375],[-100.3208,25.7375],[-100.3212,25.7375],[-100.3213,25.7375],[-100.3224,25.7376],[-100.323,25.7376],[-100.323,25.7376],[-100.3239,25.7377],[-100.3239,25.7377],[-100.3239,25.7377],[-100.3239,25.7379],[-100.3238,25.7383],[-100.3238,25.7385],[-100.3238,25.7387],[-100.3238,25.7387],[-100.3238,25.7392],[-100.3238,25.7392],[-100.3238,25.7392],[-100.3238,25.7392],[-100.3236,25.7392],[-100.3236,25.7394],[-100.3236,25.74],[-100.3233,25.7406],[-100.323,25.7412],[-100.323,25.7413],[-100.3228,25.7417],[-100.3225,25.7422],[-100.3225,25.7423],[-100.3222,25.7429],[-100.3222,25.7429],[-100.3221,25.743],[-100.322,25.7434],[-100.3219,25.7437],[-100.3218,25.7438],[-100.3217,25.744],[-100.3215,25.7445],[-100.3212,25.745],[-100.3212,25.7451],[-100.321,25.7453],[-100.321,25.7453],[-100.321,25.7453],[-100.3212,25.7453],[-100.3222,25.7451],[-100.3223,25.745],[-100.3224,25.745],[-100.3224,25.745],[-100.3224,25.745],[-100.3224,25.745],[-100.3224,25.745],[-100.3224,25.745],[-100.3223,25.7464],[-100.3223,25.7464],[-100.3223,25.7464],[-100.3223,25.7464],[-100.3223,25.7464],[-100.3223,25.7465],[-100.3222,25.7481],[-100.3222,25.7481],[-100.3222,25.7481],[-100.3222,25.7481],[-100.3222,25.7481],[-100.3222,25.7481],[-100.3222,25.7481],[-100.3222,25.7481],[-100.3222,25.7487],[-100.3222,25.7488],[-100.3221,25.7501],[-100.3221,25.7501],[-100.3221,25.7501],[-100.3222,25.7502],[-100.3368,25.7627],[-100.3341,25.7629],[-100.3341,25.7629],[-100.3341,25.7629],[-100.3341,25.7629],[-100.331,25.7632],[-100.3288,25.7634],[-100.3271,25.7636],[-100.3268,25.7636],[-100.3268,25.7636],[-100.3268,25.7636],[-100.3267,25.7636],[-100.3263,25.7637],[-100.3259,25.7637],[-100.3259,25.7637],[-100.3258,25.7637],[-100.325,25.7638],[-100.3247,25.7639],[-100.3245,25.7639],[-100.3243,25.7639],[-100.3242,25.7639],[-100.3241,25.7639],[-100.3229,25.7641],[-100.3228,25.764],[-100.3228,25.764],[-100.3227,25.7639],[-100.3226,25.7639],[-100.3226,25.7639],[-100.3225,25.7639],[-100.322,25.764],[-100.3215,25.764],[-100.3207,25.7641],[-100.3199,25.7642],[-100.3198,25.7642],[-100.3198,25.7642],[-100.3198,25.7642],[-100.3198,25.7642],[-100.3198,25.7642],[-100.3195,25.7642],[-100.3191,25.7643],[-100.3186,25.7643],[-100.3173,25.7645],[-100.3165,25.7645],[-100.3163,25.7646],[-100.3155,25.7646],[-100.3154,25.7646],[-100.3154,25.7646],[-100.3152,25.7647],[-100.3142,25.7648],[-100.3134,25.7649],[-100.3133,25.7649],[-100.3132,25.7649],[-100.3116,25.7651],[-100.3114,25.7651],[-100.3113,25.7651],[-100.3097,25.7653],[-100.3084,25.7655],[-100.3063,25.7657],[-100.3059,25.7658],[-100.3057,25.7658],[-100.3056,25.7658],[-100.3056,25.7658],[-100.3053,25.7658],[-100.3049,25.7659],[-100.3043,25.766],[-100.3041,25.7661],[-100.3036,25.7661],[-100.303,25.7662],[-100.3021,25.7663],[-100.3018,25.7663],[-100.3013,25.7664],[-100.301,25.7664],[-100.3008,25.7665],[-100.3,25.7666],[-100.2994,25.7667],[-100.2994,25.7667],[-100.2984,25.7668],[-100.2981,25.7668],[-100.2969,25.767],[-100.2963,25.7671],[-100.2948,25.7673],[-100.2941,25.7674],[-100.2935,25.7674],[-100.2934,25.7675],[-100.2934,25.7675],[-100.2931,25.7675],[-100.2931,25.7675],[-100.292,25.7676],[-100.2919,25.7676],[-100.2917,25.7677],[-100.2917,25.7677],[-100.2909,25.7678],[-100.2905,25.7678],[-100.2899,25.7679],[-100.2894,25.768],[-100.2874,25.7682],[-100.2868,25.7682],[-100.2848,25.7685],[-100.284,25.7685],[-100.2839,25.7686],[-100.2838,25.7686],[-100.2829,25.7687],[-100.2812,25.7689],[-100.281,25.7689],[-100.2808,25.7689],[-100.2797,25.769],[-100.2787,25.7691],[-100.2787,25.7691],[-100.2776,25.7693],[-100.2765,25.7694],[-100.2754,25.7696],[-100.275,25.7696],[-100.2745,25.7697],[-100.2731,25.7698],[-100.2726,25.7699],[-100.2724,25.7699],[-100.2722,25.77],[-100.2708,25.7701],[-100.2704,25.7702],[-100.2686,25.7704],[-100.267,25.7705],[-100.267,25.7705],[-100.267,25.7704]]]]},"properties":{"cveMuni":"19046","nombre":"San Nicolás de los Garza"}},{"type":"Feature","geometry":{"type":"MultiPolygon","coordinates":[[[[-100.4638,25.8984],[-100.4581,25.8971],[-100.4566,25.8963],[-100.4561,25.8964],[-100.4558,25.8965],[-100.4548,25.8963],[-100.4548,25.8961],[-100.4546,25.8961],[-100.4542,25.8964],[-100.453,25.8961],[-100.4508,25.895],[-100.4504,25.895],[-100.4497,25.8947],[-100.449,25.8946],[-100.4489,25.8945],[-100.4493,25.8941],[-100.4487,25.8937],[-100.4482,25.8941],[-100.4468,25.8939],[-100.4464,25.8937],[-100.4459,25.8936],[-100.4454,25.8933],[-100.4445,25.8932],[-100.4442,25.893],[-100.443,25.8924],[-100.4428,25.8919],[-100.4423,25.8918],[-100.4432,25.8913],[-100.4428,25.8905],[-100.4421,25.8906],[-100.4411,25.8914],[-100.4404,25.8916],[-100.4399,25.8914],[-100.4393,25.8918],[-100.4389,25.8923],[-100.4385,25.8925],[-100.4381,25.8926],[-100.4375,25.8927],[-100.437,25.8928],[-100.4366,25.8929],[-100.4357,25.8928],[-100.4349,25.8932],[-100.4344,25.8933],[-100.4331,25.8934],[-100.4328,25.8934],[-100.4322,25.8935],[-100.4318,25.8936],[-100.4314,25.8937],[-100.4304,25.8943],[-100.4294,25.8948],[-100.4293,25.895],[-100.429,25.895],[-100.4286,25.8952],[-100.4283,25.8951],[-100.4276,25.8957],[-100.4258,25.8934],[-100.4118,25.8719],[-100.4109,25.8706],[-100.4109,25.8706],[-100.4109,25.8706],[-100.4109,25.8705],[-100.4105,25.87],[-100.4102,25.8696],[-100.4102,25.8695],[-100.4102,25.8695],[-100.4092,25.8679],[-100.4091,25.8679],[-100.4091,25.8679],[-100.4084,25.8668],[-100.4084,25.8667],[-100.4083,25.8665],[-100.4082,25.8664],[-100.4077,25.8657],[-100.4076,25.8654],[-100.4075,25.8653],[-100.4074,25.8652],[-100.4074,25.8652],[-100.4073,25.8651],[-100.4073,25.865],[-100.4073,25.865],[-100.4072,25.865],[-100.4072,25.865],[-100.4073,25.8649],[-100.4073,25.8649],[-100.4074,25.8641],[-100.4074,25.8641],[-100.4074,25.8641],[-100.4074,25.864],[-100.4074,25.864],[-100.4074,25.864],[-100.4063,25.8628],[-100.4063,25.8628],[-100.4063,25.8628],[-100.4063,25.8628],[-100.4063,25.8628],[-100.4063,25.8628],[-100.4063,25.8628],[-100.4062,25.8627],[-100.3973,25.8536],[-100.3946,25.8528],[-100.3946,25.8528],[-100.3937,25.8526],[-100.3933,25.8525],[-100.3933,25.8525],[-100.392,25.8521],[-100.392,25.8521],[-100.3902,25.8516],[-100.3896,25.8514],[-100.3893,25.8513],[-100.389,25.8512],[-100.389,25.8512],[-100.3877,25.8509],[-100.3851,25.8501],[-100.385,25.8501],[-100.3831,25.8495],[-100.3826,25.8494],[-100.3825,25.8494],[-100.382,25.8492],[-100.3817,25.8491],[-100.3812,25.849],[-100.3805,25.8488],[-100.3796,25.8485],[-100.3749,25.8483],[-100.3749,25.8483],[-100.3744,25.8483],[-100.374,25.8483],[-100.3735,25.8483],[-100.3731,25.8483],[-100.3727,25.8482],[-100.3723,25.8482],[-100.3722,25.8482],[-100.3718,25.8482],[-100.3714,25.8482],[-100.371,25.8482],[-100.3706,25.8482],[-100.3702,25.8482],[-100.3698,25.8481],[-100.3698,25.8481],[-100.3692,25.8481],[-100.3692,25.8481],[-100.3673,25.8481],[-100.3673,25.8481],[-100.3673,25.8481],[-100.3671,25.8481],[-100.3669,25.848],[-100.3668,25.848],[-100.3659,25.848],[-100.3657,25.848],[-100.3656,25.848],[-100.3656,25.848],[-100.3656,25.848],[-100.3627,25.8479],[-100.3623,25.8479],[-100.3623,25.8479],[-100.3621,25.8479],[-100.3621,25.8479],[-100.3603,25.8478],[-100.358,25.8478],[-100.3563,25.8477],[-100.3549,25.8477],[-100.3487,25.8474],[-100.3453,25.8473],[-100.3445,25.8472],[-100.3425,25.8472],[-100.34,25.8471],[-100.3381,25.847],[-100.3354,25.8469],[-100.3351,25.8468],[-100.335,25.8468],[-100.335,25.8468],[-100.3348,25.8467],[-100.3346,25.8467],[-100.3345,25.8467],[-100.3328,25.8467],[-100.332,25.8467],[-100.3295,25.8466],[-100.3294,25.8466],[-100.3275,25.8466],[-100.3272,25.8466],[-100.3271,25.8466],[-100.3271,25.8466],[-100.327,25.8466],[-100.327,25.8467],[-100.327,25.8468],[-100.327,25.8468],[-100.327,25.8468],[-100.3274,25.8478],[-100.3275,25.8479],[-100.3275,25.848],[-100.3275,25.8481],[-100.3275,25.8481],[-100.3275,25.8483],[-100.3274,25.8485],[-100.3273,25.8486],[-100.3271,25.8486],[-100.3212,25.8487],[-100.3211,25.8485],[-100.3211,25.8485],[-100.3208,25.8487],[-100.32,25.8487],[-100.3164,25.8487],[-100.3163,25.8487],[-100.3156,25.8487],[-100.3125,25.8488],[-100.3094,25.8488],[-100.3063,25.8489],[-100.3063,25.8489],[-100.3039,25.8489],[-100.3038,25.8489],[-100.3017,25.8489],[-100.301,25.8489],[-100.2996,25.849],[-100.2982,25.849],[-100.2975,25.849],[-100.2956,25.849],[-100.2952,25.849],[-100.2951,25.849],[-100.2932,25.849],[-100.2931,25.849],[-100.2931,25.849],[-100.2931,25.849],[-100.2931,25.849],[-100.2931,25.849],[-100.2929,25.849],[-100.2908,25.849],[-100.2868,25.849],[-100.2863,25.8491],[-100.2857,25.8491],[-100.2816,25.8492],[-100.2816,25.8492],[-100.2813,25.8492],[-100.2802,25.8492],[-100.2785,25.8492],[-100.2783,25.8492],[-100.2761,25.8493],[-100.2751,25.8494],[-100.2738,25.8494],[-100.2728,25.8494],[-100.271,25.8464],[-100.2706,25.8457],[-100.2689,25.8386],[-100.2689,25.8386],[-100.2688,25.8384],[-100.2688,25.8384],[-100.2682,25.8351],[-100.2682,25.835],[-100.2682,25.8348],[-100.2681,25.8346],[-100.2676,25.8308],[-100.2676,25.8307],[-100.2675,25.8302],[-100.2675,25.83],[-100.2675,25.83],[-100.2675,25.83],[-100.2659,25.8302],[-100.2659,25.8302],[-100.2659,25.8302],[-100.2654,25.8273],[-100.2654,25.8273],[-100.2654,25.8273],[-100.2654,25.8273],[-100.2654,25.8271],[-100.2654,25.8271],[-100.2654,25.8271],[-100.2654,25.8271],[-100.2653,25.8261],[-100.2653,25.8261],[-100.2651,25.8253],[-100.2651,25.8253],[-100.265,25.8245],[-100.265,25.8245],[-100.265,25.8245],[-100.265,25.8245],[-100.265,25.8244],[-100.265,25.8244],[-100.265,25.8243],[-100.265,25.8243],[-100.2649,25.8237],[-100.2649,25.8237],[-100.2648,25.8235],[-100.2648,25.8235],[-100.2648,25.8235],[-100.2648,25.8235],[-100.2648,25.8235],[-100.2648,25.8235],[-100.2648,25.8227],[-100.2648,25.8227],[-100.2647,25.822],[-100.2647,25.822],[-100.2647,25.822],[-100.2647,25.8219],[-100.2647,25.8218],[-100.2647,25.8218],[-100.2647,25.8218],[-100.2648,25.8215],[-100.2648,25.8215],[-100.2648,25.8215],[-100.2647,25.8215],[-100.2647,25.8215],[-100.2646,25.8214],[-100.2646,25.8214],[-100.2646,25.8213],[-100.2645,25.8211],[-100.2634,25.815],[-100.2634,25.815],[-100.2634,25.815],[-100.2634,25.815],[-100.2634,25.815],[-100.2634,25.815],[-100.2634,25.8149],[-100.2634,25.8149],[-100.2634,25.8149],[-100.2634,25.8149],[-100.2634,25.8149],[-100.2634,25.8149],[-100.2634,25.8149],[-100.2634,25.8148],[-100.2634,25.8148],[-100.2634,25.8146],[-100.2634,25.8146],[-100.2633,25.8144],[-100.2633,25.8144],[-100.2633,25.8142],[-100.2633,25.8142],[-100.2633,25.814],[-100.2633,25.814],[-100.2633,25.8138],[-100.2633,25.8138],[-100.2632,25.8136],[-100.2632,25.8136],[-100.2632,25.8136],[-100.2632,25.8136],[-100.2632,25.8134],[-100.2632,25.8134],[-100.2632,25.8132],[-100.2632,25.8132],[-100.2631,25.8132],[-100.2631,25.8132],[-100.263,25.8124],[-100.263,25.8124],[-100.2629,25.812],[-100.2629,25.812],[-100.2629,25.8116],[-100.2629,25.8116],[-100.2629,25.8116],[-100.2629,25.8116],[-100.2628,25.8113],[-100.2628,25.8113],[-100.2628,25.8113],[-100.2628,25.8113],[-100.2628,25.8109],[-100.2628,25.8109],[-100.2628,25.8109],[-100.2628,25.8109],[-100.2627,25.8105],[-100.2627,25.8105],[-100.2627,25.8101],[-100.2627,25.8101],[-100.2626,25.8098],[-100.2626,25.8098],[-100.2625,25.8094],[-100.2625,25.8094],[-100.2624,25.8088],[-100.2624,25.8088],[-100.2624,25.8085],[-100.2624,25.8085],[-100.2623,25.8081],[-100.2623,25.8081],[-100.2623,25.8079],[-100.2623,25.8079],[-100.2623,25.8077],[-100.2623,25.8077],[-100.2622,25.8075],[-100.2622,25.8075],[-100.2622,25.8075],[-100.2622,25.8075],[-100.2622,25.8073],[-100.2622,25.8073],[-100.2622,25.8071],[-100.2622,25.8071],[-100.2621,25.807],[-100.2621,25.807],[-100.2621,25.8067],[-100.2621,25.8067],[-100.2621,25.8066],[-100.2621,25.8066],[-100.2621,25.8064],[-100.2621,25.8064],[-100.262,25.8062],[-100.262,25.8062],[-100.262,25.806],[-100.262,25.806],[-100.262,25.8058],[-100.262,25.8058],[-100.2619,25.8056],[-100.2619,25.8056],[-100.2619,25.8055],[-100.2619,25.8055],[-100.2619,25.8053],[-100.2619,25.8053],[-100.2618,25.8051],[-100.2618,25.8051],[-100.2618,25.8049],[-100.2618,25.8049],[-100.2618,25.8047],[-100.2618,25.8047],[-100.2617,25.8043],[-100.2617,25.8043],[-100.2616,25.8037],[-100.2616,25.8037],[-100.2616,25.8037],[-100.2616,25.8037],[-100.2616,25.8037],[-100.2616,25.8037],[-100.2616,25.8036],[-100.2616,25.8036],[-100.2616,25.8035],[-100.2616,25.8035],[-100.2617,25.8035],[-100.2617,25.8035],[-100.2617,25.8035],[-100.2617,25.8035],[-100.2617,25.8035],[-100.2617,25.8034],[-100.2617,25.8034],[-100.2616,25.8034],[-100.2616,25.8034],[-100.2616,25.8033],[-100.2615,25.8032],[-100.2615,25.8032],[-100.2615,25.8032],[-100.2615,25.8032],[-100.2615,25.8032],[-100.2615,25.8032],[-100.2615,25.8032],[-100.2615,25.8031],[-100.2614,25.8028],[-100.2614,25.8028],[-100.2614,25.8028],[-100.2614,25.8028],[-100.2614,25.8027],[-100.2614,25.8027],[-100.2613,25.8024],[-100.2613,25.8024],[-100.2613,25.8022],[-100.2613,25.8022],[-100.2613,25.8022],[-100.2613,25.8022],[-100.2613,25.802],[-100.2613,25.802],[-100.2613,25.802],[-100.2613,25.802],[-100.2613,25.802],[-100.2619,25.8022],[-100.2626,25.8023],[-100.2631,25.8025],[-100.2635,25.8027],[-100.2639,25.8028],[-100.2642,25.8029],[-100.2642,25.8029],[-100.2647,25.8031],[-100.2651,25.8032],[-100.2658,25.8035],[-100.266,25.8035],[-100.2663,25.8036],[-100.2664,25.8037],[-100.2666,25.8037],[-100.2668,25.8038],[-100.2669,25.8039],[-100.2671,25.8039],[-100.2672,25.804],[-100.2674,25.804],[-100.2676,25.804],[-100.2676,25.804],[-100.2676,25.804],[-100.2677,25.804],[-100.2677,25.804],[-100.2679,25.804],[-100.2679,25.804],[-100.2681,25.804],[-100.2682,25.804],[-100.2683,25.804],[-100.2686,25.804],[-100.2686,25.804],[-100.2688,25.804],[-100.2688,25.804],[-100.2691,25.8034],[-100.2692,25.8033],[-100.2694,25.8031],[-100.2697,25.8027],[-100.2698,25.8025],[-100.27,25.802],[-100.27,25.802],[-100.27,25.802],[-100.27,25.802],[-100.27,25.802],[-100.27,25.8012],[-100.27,25.8012],[-100.27,25.8012],[-100.27,25.8012],[-100.27,25.8012],[-100.27,25.8011],[-100.27,25.8011],[-100.27,25.8011],[-100.27,25.8011],[-100.27,25.801],[-100.27,25.801],[-100.27,25.801],[-100.27,25.801],[-100.27,25.801],[-100.27,25.801],[-100.27,25.801],[-100.27,25.8009],[-100.27,25.8009],[-100.27,25.8009],[-100.27,25.8009],[-100.27,25.8008],[-100.27,25.8008],[-100.27,25.8005],[-100.27,25.8005],[-100.2698,25.7986],[-100.2698,25.7986],[-100.2697,25.7978],[-100.2697,25.7978],[-100.2695,25.7962],[-100.2695,25.7962],[-100.2695,25.7954],[-100.2695,25.7954],[-100.2695,25.7953],[-100.2695,25.7953],[-100.2694,25.7945],[-100.2694,25.7945],[-100.2693,25.7932],[-100.2693,25.7932],[-100.2693,25.793],[-100.2693,25.793],[-100.2692,25.7919],[-100.2692,25.7919],[-100.2692,25.7917],[-100.2692,25.7917],[-100.2692,25.7917],[-100.2692,25.7917],[-100.2692,25.7918],[-100.2691,25.7918],[-100.2691,25.7917],[-100.2691,25.7917],[-100.2691,25.7917],[-100.2691,25.7917],[-100.2691,25.7917],[-100.2691,25.7917],[-100.269,25.7914],[-100.269,25.7914],[-100.269,25.7911],[-100.269,25.7911],[-100.269,25.7911],[-100.269,25.7911],[-100.269,25.7911],[-100.269,25.7911],[-100.2689,25.7899],[-100.2689,25.7899],[-100.2689,25.7899],[-100.2689,25.7899],[-100.2689,25.7898],[-100.2689,25.7898],[-100.2688,25.7889],[-100.2688,25.7889],[-100.2688,25.7889],[-100.2688,25.7889],[-100.2687,25.7878],[-100.2687,25.7878],[-100.2687,25.7877],[-100.2687,25.7877],[-100.2687,25.7876],[-100.2687,25.7876],[-100.2687,25.7875],[-100.2687,25.7875],[-100.2686,25.7867],[-100.2686,25.7867],[-100.2685,25.7863],[-100.2685,25.7863],[-100.2685,25.7862],[-100.2685,25.7862],[-100.2685,25.7858],[-100.2685,25.7858],[-100.2685,25.7858],[-100.2685,25.7858],[-100.2685,25.7858],[-100.2685,25.7858],[-100.2685,25.7854],[-100.2685,25.7854],[-100.2685,25.7854],[-100.2685,25.7854],[-100.2685,25.7854],[-100.2685,25.7854],[-100.2683,25.7843],[-100.2683,25.7843],[-100.2683,25.7842],[-100.2683,25.7842],[-100.2681,25.7826],[-100.2681,25.7826],[-100.2681,25.7825],[-100.2681,25.7825],[-100.2681,25.7825],[-100.2681,25.7825],[-100.2681,25.7824],[-100.2681,25.7824],[-100.2681,25.7822],[-100.2681,25.7822],[-100.2679,25.7804],[-100.2679,25.7804],[-100.2679,25.7804],[-100.2679,25.7803],[-100.2679,25.7803],[-100.2679,25.7803],[-100.2679,25.7803],[-100.2679,25.7803],[-100.2679,25.7803],[-100.2678,25.7796],[-100.2678,25.7796],[-100.2678,25.7796],[-100.2678,25.7792],[-100.2678,25.7792],[-100.2678,25.7792],[-100.2678,25.7792],[-100.2677,25.778],[-100.2677,25.778],[-100.2677,25.778],[-100.2677,25.778],[-100.2677,25.778],[-100.2677,25.778],[-100.2677,25.778],[-100.2677,25.778],[-100.2677,25.7779],[-100.2677,25.7779],[-100.2677,25.7779],[-100.2677,25.7779],[-100.2676,25.7765],[-100.2676,25.7765],[-100.2675,25.7764],[-100.2675,25.7764],[-100.2675,25.7764],[-100.2675,25.7764],[-100.2675,25.7764],[-100.2675,25.7764],[-100.2674,25.7753],[-100.2674,25.7753],[-100.2674,25.7753],[-100.2674,25.7753],[-100.2674,25.7753],[-100.2674,25.7753],[-100.2673,25.7741],[-100.2673,25.7741],[-100.2673,25.7737],[-100.2673,25.7737],[-100.2673,25.7737],[-100.2673,25.7737],[-100.2673,25.7737],[-100.2673,25.7737],[-100.2672,25.7726],[-100.2672,25.7726],[-100.2672,25.7725],[-100.2672,25.7725],[-100.2672,25.7725],[-100.2672,25.7725],[-100.267,25.771],[-100.267,25.771],[-100.267,25.771],[-100.267,25.771],[-100.267,25.7709],[-100.267,25.7709],[-100.267,25.7709],[-100.267,25.7709],[-100.267,25.7708],[-100.267,25.7708],[-100.267,25.7708],[-100.267,25.7708],[-100.267,25.7707],[-100.267,25.7707],[-100.267,25.7705],[-100.267,25.7705],[-100.267,25.7705],[-100.2686,25.7704],[-100.2704,25.7702],[-100.2708,25.7701],[-100.2722,25.77],[-100.2724,25.7699],[-100.2726,25.7699],[-100.2731,25.7698],[-100.2745,25.7697],[-100.275,25.7696],[-100.2754,25.7696],[-100.2765,25.7694],[-100.2776,25.7693],[-100.2787,25.7691],[-100.2787,25.7691],[-100.2797,25.769],[-100.2808,25.7689],[-100.281,25.7689],[-100.2812,25.7689],[-100.2829,25.7687],[-100.2838,25.7686],[-100.2839,25.7686],[-100.284,25.7685],[-100.2848,25.7685],[-100.2868,25.7682],[-100.2874,25.7682],[-100.2894,25.768],[-100.2899,25.7679],[-100.2905,25.7678],[-100.2909,25.7678],[-100.2917,25.7677],[-100.2917,25.7677],[-100.2919,25.7676],[-100.292,25.7676],[-100.2931,25.7675],[-100.2931,25.7675],[-100.2934,25.7675],[-100.2934,25.7675],[-100.2935,25.7674],[-100.2941,25.7674],[-100.2948,25.7673],[-100.2963,25.7671],[-100.2969,25.767],[-100.2981,25.7668],[-100.2984,25.7668],[-100.2994,25.7667],[-100.2994,25.7667],[-100.3,25.7666],[-100.3008,25.7665],[-100.301,25.7664],[-100.3013,25.7664],[-100.3018,25.7663],[-100.3021,25.7663],[-100.303,25.7662],[-100.3036,25.7661],[-100.3041,25.7661],[-100.3043,25.766],[-100.3049,25.7659],[-100.3053,25.7658],[-100.3056,25.7658],[-100.3056,25.7658],[-100.3057,25.7658],[-100.3059,25.7658],[-100.3063,25.7657],[-100.3084,25.7655],[-100.3097,25.7653],[-100.3113,25.7651],[-100.3114,25.7651],[-100.3116,25.7651],[-100.3132,25.7649],[-100.3133,25.7649],[-100.3134,25.7649],[-100.3142,25.7648],[-100.3152,25.7647],[-100.3154,25.7646],[-100.3154,25.7646],[-100.3155,25.7646],[-100.3163,25.7646],[-100.3165,25.7645],[-100.3173,25.7645],[-100.3186,25.7643],[-100.3191,25.7643],[-100.3195,25.7642],[-100.3198,25.7642],[-100.3198,25.7642],[-100.3198,25.7642],[-100.3198,25.7642],[-100.3198,25.7642],[-100.3199,25.7642],[-100.3207,25.7641],[-100.3215,25.764],[-100.322,25.764],[-100.3225,25.7639],[-100.3226,25.7639],[-100.3226,25.7639],[-100.3227,25.7639],[-100.3228,25.764],[-100.3228,25.764],[-100.3229,25.7641],[-100.3241,25.7639],[-100.3242,25.7639],[-100.3243,25.7639],[-100.3245,25.7639],[-100.3247,25.7639],[-100.325,25.7638],[-100.3258,25.7637],[-100.3259,25.7637],[-100.3259,25.7637],[-100.3263,25.7637],[-100.3267,25.7636],[-100.3268,25.7636],[-100.3268,25.7636],[-100.3268,25.7636],[-100.3271,25.7636],[-100.3288,25.7634],[-100.331,25.7632],[-100.3341,25.7629],[-100.3341,25.7629],[-100.3341,25.7629],[-100.3341,25.7629],[-100.3368,25.7627],[-100.3375,25.7625],[-100.3405,25.7622],[-100.3405,25.7622],[-100.3416,25.7646],[-100.3416,25.7655],[-100.3417,25.7658],[-100.3429,25.768],[-100.3443,25.7701],[-100.3454,25.7706],[-100.3464,25.7711],[-100.3467,25.7722],[-100.3476,25.7731],[-100.348,25.7737],[-100.3488,25.7756],[-100.3489,25.7758],[-100.349,25.776],[-100.3491,25.7763],[-100.3493,25.7765],[-100.3495,25.7767],[-100.3496,25.7769],[-100.3499,25.7779],[-100.3499,25.7779],[-100.35,25.7781],[-100.3501,25.7783],[-100.3502,25.7785],[-100.3504,25.7786],[-100.3505,25.7788],[-100.3507,25.7789],[-100.3508,25.779],[-100.351,25.7791],[-100.3512,25.7792],[-100.3514,25.7793],[-100.3516,25.7793],[-100.3535,25.7816],[-100.3541,25.7828],[-100.3547,25.7836],[-100.355,25.784],[-100.3559,25.7851],[-100.3562,25.7852],[-100.3573,25.7856],[-100.3578,25.7859],[-100.3588,25.786],[-100.3597,25.7867],[-100.3625,25.7886],[-100.3631,25.7894],[-100.3644,25.7892],[-100.3651,25.7894],[-100.3654,25.7894],[-100.3654,25.7894],[-100.3662,25.7894],[-100.3665,25.7898],[-100.3671,25.791],[-100.3673,25.7914],[-100.3699,25.7923],[-100.372,25.7929],[-100.3732,25.7933],[-100.3734,25.7934],[-100.3736,25.7935],[-100.3741,25.7936],[-100.3741,25.7936],[-100.3743,25.7936],[-100.3744,25.7936],[-100.3744,25.7936],[-100.3744,25.7936],[-100.3744,25.7936],[-100.3744,25.7936],[-100.3744,25.7937],[-100.3744,25.7937],[-100.3744,25.7937],[-100.3744,25.7937],[-100.3744,25.7937],[-100.3744,25.7937],[-100.3744,25.7937],[-100.3746,25.7937],[-100.3747,25.7937],[-100.3748,25.7937],[-100.3751,25.7938],[-100.3752,25.7939],[-100.3754,25.7939],[-100.3755,25.794],[-100.3758,25.7941],[-100.3759,25.7941],[-100.3762,25.7942],[-100.3764,25.7942],[-100.3765,25.7943],[-100.3766,25.7943],[-100.3766,25.7943],[-100.3766,25.7943],[-100.3766,25.7943],[-100.3766,25.7943],[-100.3766,25.7943],[-100.3769,25.7944],[-100.3772,25.7945],[-100.3772,25.7944],[-100.3773,25.7945],[-100.3773,25.7945],[-100.3779,25.7946],[-100.3779,25.7946],[-100.3779,25.7946],[-100.3781,25.7947],[-100.3781,25.7947],[-100.3787,25.7949],[-100.3787,25.7949],[-100.3788,25.7949],[-100.379,25.7949],[-100.379,25.795],[-100.3792,25.795],[-100.3792,25.795],[-100.3795,25.7951],[-100.3796,25.7951],[-100.3796,25.7951],[-100.3798,25.7952],[-100.3798,25.7952],[-100.3802,25.7953],[-100.3802,25.7953],[-100.3806,25.7955],[-100.3808,25.7955],[-100.3808,25.7955],[-100.3813,25.7956],[-100.3813,25.7957],[-100.3813,25.7957],[-100.3813,25.7957],[-100.3813,25.7957],[-100.3813,25.7957],[-100.3814,25.7957],[-100.3819,25.7958],[-100.382,25.7959],[-100.3821,25.7959],[-100.3826,25.796],[-100.3826,25.796],[-100.3832,25.7962],[-100.3832,25.7962],[-100.3832,25.7962],[-100.3832,25.7962],[-100.3836,25.7963],[-100.3842,25.7965],[-100.3842,25.7965],[-100.3842,25.7965],[-100.3848,25.7967],[-100.3848,25.7967],[-100.385,25.7967],[-100.3851,25.7967],[-100.3852,25.7968],[-100.387,25.7973],[-100.3872,25.7973],[-100.3875,25.797],[-100.3877,25.7966],[-100.3883,25.7959],[-100.3898,25.7946],[-100.3898,25.7946],[-100.3899,25.7945],[-100.3902,25.7942],[-100.3908,25.7938],[-100.3914,25.7935],[-100.392,25.7932],[-100.392,25.7932],[-100.3922,25.7931],[-100.3923,25.793],[-100.3926,25.7929],[-100.3928,25.7929],[-100.3929,25.7928],[-100.3931,25.7928],[-100.3934,25.7928],[-100.3937,25.7928],[-100.394,25.7928],[-100.394,25.7928],[-100.3946,25.7929],[-100.3948,25.7929],[-100.3957,25.7931],[-100.3959,25.7931],[-100.3962,25.7931],[-100.3965,25.7932],[-100.3967,25.7933],[-100.3968,25.7933],[-100.397,25.7934],[-100.3971,25.7935],[-100.3974,25.7936],[-100.3976,25.7938],[-100.3978,25.794],[-100.3981,25.7942],[-100.3992,25.7951],[-100.4007,25.7958],[-100.4008,25.7958],[-100.4009,25.7959],[-100.4014,25.796],[-100.4014,25.796],[-100.4014,25.796],[-100.4028,25.7965],[-100.4029,25.7965],[-100.4029,25.7965],[-100.403,25.7966],[-100.4031,25.7966],[-100.4032,25.7966],[-100.4033,25.7966],[-100.4034,25.7966],[-100.4035,25.7965],[-100.4036,25.7965],[-100.4037,25.7965],[-100.4038,25.7964],[-100.4039,25.7964],[-100.404,25.7963],[-100.4041,25.7963],[-100.4042,25.7961],[-100.4049,25.7958],[-100.4063,25.7942],[-100.4089,25.792],[-100.4096,25.7915],[-100.4096,25.7915],[-100.4102,25.791],[-100.4111,25.7903],[-100.4128,25.7895],[-100.4139,25.7895],[-100.4151,25.7895],[-100.4152,25.7894],[-100.4154,25.7894],[-100.4154,25.7894],[-100.4155,25.7894],[-100.4156,25.7894],[-100.4158,25.7895],[-100.4159,25.7895],[-100.4161,25.7895],[-100.4162,25.7895],[-100.4164,25.7895],[-100.4165,25.7895],[-100.4167,25.7895],[-100.4169,25.7896],[-100.4175,25.7897],[-100.4175,25.7897],[-100.4176,25.7904],[-100.4176,25.7904],[-100.4176,25.7904],[-100.418,25.7904],[-100.418,25.7904],[-100.4183,25.7907],[-100.4184,25.7909],[-100.4184,25.791],[-100.4189,25.792],[-100.419,25.7923],[-100.4192,25.7927],[-100.4192,25.7927],[-100.4192,25.7927],[-100.4192,25.7927],[-100.4192,25.7927],[-100.4192,25.7927],[-100.4192,25.7927],[-100.4192,25.7927],[-100.4191,25.7927],[-100.4192,25.7927],[-100.4194,25.7934],[-100.4194,25.7934],[-100.4195,25.7934],[-100.4195,25.7935],[-100.4196,25.7937],[-100.4196,25.7938],[-100.4196,25.7938],[-100.4202,25.795],[-100.4202,25.795],[-100.4208,25.7963],[-100.421,25.7968],[-100.421,25.7968],[-100.421,25.7968],[-100.421,25.7968],[-100.4211,25.7969],[-100.4212,25.7972],[-100.4212,25.7973],[-100.4211,25.7973],[-100.4211,25.7973],[-100.4213,25.7979],[-100.4213,25.7981],[-100.4221,25.8],[-100.4244,25.805],[-100.4248,25.8059],[-100.425,25.8065],[-100.4253,25.8071],[-100.4259,25.8086],[-100.4261,25.8091],[-100.4262,25.8092],[-100.4263,25.8093],[-100.4268,25.8095],[-100.427,25.8097],[-100.4271,25.8098],[-100.4272,25.8101],[-100.4275,25.8118],[-100.4276,25.8126],[-100.4281,25.8145],[-100.4281,25.8146],[-100.4282,25.8147],[-100.4283,25.8148],[-100.429,25.815],[-100.4291,25.8151],[-100.4292,25.8151],[-100.4295,25.8159],[-100.4308,25.8188],[-100.4318,25.8208],[-100.4332,25.8241],[-100.4334,25.8244],[-100.4361,25.8305],[-100.4363,25.8308],[-100.4364,25.8309],[-100.4364,25.831],[-100.4365,25.8311],[-100.4365,25.8311],[-100.4376,25.8339],[-100.4384,25.8355],[-100.4391,25.837],[-100.4398,25.8385],[-100.4398,25.8386],[-100.4412,25.8417],[-100.4451,25.8504],[-100.4475,25.8557],[-100.4581,25.8803],[-100.4685,25.8983],[-100.4672,25.8982],[-100.4655,25.8984],[-100.4642,25.8985],[-100.4638,25.8984]]]]},"properties":{"cveMuni":"19021","nombre":"General Escobedo"}},{"type":"Feature","geometry":{"type":"MultiPolygon","coordinates":[[[[-100.7239,25.9527],[-100.7206,25.9453],[-100.7205,25.9449],[-100.7205,25.9449],[-100.7204,25.9447],[-100.7165,25.9449],[-100.7076,25.9455],[-100.7024,25.9457],[-100.7013,25.9458],[-100.6974,25.9465],[-100.6922,25.9473],[-100.6871,25.9482],[-100.6819,25.9491],[-100.6768,25.95],[-100.6768,25.9503],[-100.6758,25.9505],[-100.6752,25.9505],[-100.6747,25.9505],[-100.6742,25.9504],[-100.6737,25.9504],[-100.6733,25.9502],[-100.6729,25.95],[-100.6725,25.9499],[-100.6722,25.9497],[-100.6719,25.9495],[-100.6717,25.9493],[-100.6715,25.9491],[-100.6696,25.9469],[-100.6693,25.9467],[-100.6683,25.9474],[-100.6678,25.9478],[-100.6675,25.9482],[-100.6669,25.9491],[-100.6666,25.9494],[-100.6666,25.9496],[-100.6667,25.9511],[-100.6666,25.9514],[-100.6666,25.9514],[-100.666,25.9517],[-100.6657,25.9519],[-100.6656,25.9519],[-100.6655,25.9519],[-100.6653,25.9518],[-100.6651,25.9517],[-100.6649,25.9517],[-100.6646,25.9518],[-100.6645,25.9518],[-100.6637,25.9518],[-100.6632,25.9519],[-100.6627,25.952],[-100.6614,25.9518],[-100.6611,25.9517],[-100.6607,25.9515],[-100.6605,25.9515],[-100.6601,25.9515],[-100.6599,25.9515],[-100.6595,25.9514],[-100.6592,25.9512],[-100.6588,25.9509],[-100.6579,25.9501],[-100.6576,25.95],[-100.6574,25.95],[-100.6573,25.9501],[-100.6572,25.9501],[-100.657,25.9503],[-100.6569,25.9505],[-100.6568,25.9506],[-100.656,25.9511],[-100.6553,25.9515],[-100.654,25.9524],[-100.6537,25.9527],[-100.6534,25.9529],[-100.653,25.953],[-100.6527,25.9531],[-100.6523,25.9532],[-100.652,25.9533],[-100.651,25.9533],[-100.6502,25.954],[-100.6503,25.9542],[-100.6501,25.9544],[-100.6499,25.9546],[-100.6495,25.9554],[-100.6494,25.9557],[-100.6488,25.9567],[-100.6486,25.957],[-100.6484,25.9577],[-100.6479,25.9585],[-100.6475,25.9587],[-100.6469,25.9588],[-100.6462,25.9588],[-100.6451,25.9588],[-100.6445,25.9589],[-100.6438,25.9591],[-100.6431,25.9591],[-100.6416,25.9589],[-100.6412,25.9589],[-100.6407,25.9592],[-100.6402,25.9596],[-100.6388,25.9607],[-100.6372,25.9596],[-100.6361,25.9599],[-100.6355,25.9601],[-100.6355,25.9601],[-100.6289,25.962],[-100.6285,25.9621],[-100.6252,25.9631],[-100.6218,25.9641],[-100.6174,25.9671],[-100.6169,25.9652],[-100.6169,25.9651],[-100.6169,25.9651],[-100.6168,25.9648],[-100.6164,25.9634],[-100.6155,25.9602],[-100.6148,25.9578],[-100.6143,25.9559],[-100.612,25.9477],[-100.6118,25.9403],[-100.6113,25.9221],[-100.6117,25.8632],[-100.6116,25.8627],[-100.6108,25.863],[-100.6105,25.8632],[-100.6102,25.8634],[-100.6096,25.8634],[-100.6089,25.8635],[-100.6084,25.8637],[-100.6077,25.8642],[-100.6079,25.8647],[-100.6078,25.8653],[-100.6075,25.8657],[-100.607,25.8663],[-100.607,25.8667],[-100.6061,25.8683],[-100.6055,25.8691],[-100.6049,25.8698],[-100.6046,25.8701],[-100.6033,25.8711],[-100.6028,25.8714],[-100.6026,25.8718],[-100.6022,25.872],[-100.6017,25.8723],[-100.6012,25.8727],[-100.601,25.8729],[-100.6008,25.8732],[-100.6005,25.8733],[-100.6,25.8733],[-100.5996,25.8735],[-100.5992,25.8736],[-100.5985,25.8738],[-100.5978,25.8742],[-100.5974,25.8745],[-100.5969,25.8747],[-100.5963,25.875],[-100.5958,25.8753],[-100.5955,25.8754],[-100.5949,25.8755],[-100.5941,25.8757],[-100.5933,25.8761],[-100.5926,25.8763],[-100.5922,25.8764],[-100.592,25.8764],[-100.5916,25.8764],[-100.5912,25.8765],[-100.5908,25.8768],[-100.5903,25.8772],[-100.5895,25.8776],[-100.5892,25.8777],[-100.5883,25.8783],[-100.5877,25.8783],[-100.5872,25.8785],[-100.5867,25.8786],[-100.5862,25.8787],[-100.586,25.8787],[-100.5857,25.8786],[-100.5852,25.8787],[-100.5848,25.8786],[-100.5843,25.8785],[-100.584,25.8783],[-100.5837,25.8784],[-100.5833,25.8784],[-100.583,25.8785],[-100.5828,25.8786],[-100.5824,25.8786],[-100.5818,25.8786],[-100.5812,25.8788],[-100.5808,25.879],[-100.5805,25.8792],[-100.5803,25.8793],[-100.58,25.8794],[-100.5797,25.8796],[-100.5793,25.8801],[-100.5788,25.8803],[-100.5783,25.8804],[-100.5779,25.8805],[-100.5768,25.8809],[-100.5762,25.881],[-100.5753,25.8813],[-100.5748,25.8814],[-100.5743,25.8818],[-100.574,25.8819],[-100.5732,25.8821],[-100.5726,25.8824],[-100.5716,25.8828],[-100.5712,25.8831],[-100.571,25.8833],[-100.5707,25.8835],[-100.57,25.8839],[-100.5696,25.8843],[-100.569,25.8847],[-100.5688,25.8848],[-100.5686,25.8849],[-100.568,25.8851],[-100.568,25.8853],[-100.5236,25.9059],[-100.5173,25.9035],[-100.504,25.9008],[-100.4978,25.9028],[-100.4977,25.9024],[-100.4942,25.9013],[-100.4926,25.9001],[-100.4902,25.8991],[-100.4685,25.8983],[-100.4581,25.8803],[-100.4475,25.8557],[-100.4451,25.8504],[-100.4412,25.8417],[-100.4398,25.8386],[-100.4398,25.8385],[-100.4391,25.837],[-100.4384,25.8355],[-100.4376,25.8339],[-100.4365,25.8311],[-100.4365,25.8311],[-100.4364,25.831],[-100.4364,25.8309],[-100.4363,25.8308],[-100.4361,25.8305],[-100.4334,25.8244],[-100.4332,25.8241],[-100.4318,25.8208],[-100.4308,25.8188],[-100.4295,25.8159],[-100.4292,25.8151],[-100.4291,25.8151],[-100.429,25.815],[-100.4283,25.8148],[-100.4282,25.8147],[-100.4281,25.8146],[-100.4281,25.8145],[-100.4276,25.8126],[-100.4275,25.8118],[-100.4272,25.8101],[-100.4271,25.8098],[-100.427,25.8097],[-100.4268,25.8095],[-100.4263,25.8093],[-100.4262,25.8092],[-100.4261,25.8091],[-100.4259,25.8086],[-100.4253,25.8071],[-100.425,25.8065],[-100.4248,25.8059],[-100.4244,25.805],[-100.4221,25.8],[-100.4213,25.7981],[-100.4213,25.7979],[-100.4211,25.7973],[-100.4211,25.7973],[-100.4212,25.7973],[-100.4212,25.7972],[-100.4211,25.7969],[-100.421,25.7968],[-100.421,25.7968],[-100.421,25.7968],[-100.421,25.7968],[-100.4208,25.7963],[-100.4202,25.795],[-100.4202,25.795],[-100.4196,25.7938],[-100.4196,25.7938],[-100.4196,25.7937],[-100.4195,25.7935],[-100.4195,25.7934],[-100.4194,25.7934],[-100.4194,25.7934],[-100.4192,25.7927],[-100.4191,25.7927],[-100.4192,25.7927],[-100.4192,25.7927],[-100.4192,25.7927],[-100.4192,25.7927],[-100.4192,25.7927],[-100.4192,25.7927],[-100.4192,25.7927],[-100.4192,25.7927],[-100.419,25.7923],[-100.4189,25.792],[-100.4184,25.791],[-100.4184,25.7909],[-100.4183,25.7907],[-100.418,25.7904],[-100.418,25.7904],[-100.4176,25.7904],[-100.4176,25.7904],[-100.4176,25.7904],[-100.4175,25.7897],[-100.4175,25.7897],[-100.4169,25.7896],[-100.4167,25.7895],[-100.4165,25.7895],[-100.4164,25.7895],[-100.4162,25.7895],[-100.4161,25.7895],[-100.4159,25.7895],[-100.4158,25.7895],[-100.4156,25.7894],[-100.4155,25.7894],[-100.4154,25.7894],[-100.4154,25.7893],[-100.4153,25.7891],[-100.4153,25.7891],[-100.4153,25.7891],[-100.4154,25.7888],[-100.4154,25.7888],[-100.4155,25.7887],[-100.4155,25.7887],[-100.4155,25.7887],[-100.4155,25.7887],[-100.4156,25.7885],[-100.4156,25.7885],[-100.4156,25.7883],[-100.4156,25.7883],[-100.4156,25.7883],[-100.4156,25.7883],[-100.4158,25.7878],[-100.4158,25.7878],[-100.4159,25.7875],[-100.4159,25.7875],[-100.416,25.7872],[-100.416,25.7872],[-100.4162,25.7868],[-100.4162,25.7868],[-100.4162,25.7868],[-100.4163,25.7866],[-100.4163,25.7866],[-100.4163,25.7866],[-100.4163,25.7865],[-100.4163,25.7865],[-100.4169,25.7849],[-100.4169,25.7849],[-100.4169,25.7849],[-100.4174,25.7836],[-100.4176,25.7831],[-100.4177,25.7827],[-100.4179,25.7823],[-100.4179,25.7823],[-100.4179,25.7823],[-100.4179,25.7823],[-100.4179,25.7823],[-100.4179,25.7823],[-100.4179,25.7823],[-100.4179,25.7823],[-100.4179,25.7823],[-100.418,25.782],[-100.418,25.782],[-100.418,25.7819],[-100.4181,25.7819],[-100.4182,25.7816],[-100.4183,25.7813],[-100.4184,25.7809],[-100.4184,25.7809],[-100.4184,25.7809],[-100.4184,25.7809],[-100.4184,25.7809],[-100.4185,25.7806],[-100.4185,25.7806],[-100.4187,25.7803],[-100.4187,25.7801],[-100.4187,25.7801],[-100.42,25.7767],[-100.42,25.7767],[-100.42,25.7767],[-100.4209,25.7744],[-100.4209,25.7744],[-100.4221,25.7713],[-100.4221,25.7713],[-100.4221,25.7713],[-100.4222,25.7711],[-100.4232,25.7689],[-100.4232,25.7689],[-100.4232,25.7687],[-100.4232,25.7687],[-100.4232,25.7686],[-100.4234,25.7684],[-100.4234,25.7684],[-100.4245,25.7654],[-100.4247,25.765],[-100.4248,25.7646],[-100.425,25.7642],[-100.4251,25.7638],[-100.4253,25.7634],[-100.4254,25.763],[-100.4254,25.763],[-100.4256,25.7626],[-100.4256,25.7626],[-100.4257,25.7622],[-100.4257,25.7622],[-100.4258,25.7622],[-100.427,25.759],[-100.427,25.759],[-100.4273,25.7583],[-100.4273,25.7582],[-100.4289,25.7542],[-100.4289,25.754],[-100.4303,25.7506],[-100.4303,25.7504],[-100.4304,25.7504],[-100.4304,25.7503],[-100.4304,25.7503],[-100.4304,25.7502],[-100.4304,25.7501],[-100.4317,25.7469],[-100.4322,25.7455],[-100.4322,25.7455],[-100.433,25.7433],[-100.4338,25.7412],[-100.4346,25.739],[-100.4416,25.7205],[-100.4423,25.7205],[-100.4429,25.7204],[-100.4432,25.7206],[-100.4434,25.7206],[-100.4436,25.7206],[-100.4439,25.7207],[-100.4442,25.7206],[-100.4445,25.7206],[-100.4451,25.7206],[-100.4454,25.7208],[-100.4456,25.7212],[-100.4459,25.7216],[-100.4463,25.7219],[-100.4469,25.7219],[-100.4478,25.7218],[-100.4483,25.7221],[-100.4493,25.7224],[-100.4509,25.7234],[-100.4526,25.7242],[-100.4537,25.7243],[-100.4548,25.7249],[-100.4549,25.725],[-100.4578,25.7266],[-100.4587,25.727],[-100.4596,25.727],[-100.4605,25.7272],[-100.4617,25.7274],[-100.4631,25.7283],[-100.4651,25.7283],[-100.4664,25.7283],[-100.467,25.7285],[-100.4677,25.729],[-100.4684,25.7295],[-100.4726,25.7314],[-100.4748,25.732],[-100.4766,25.7319],[-100.478,25.7327],[-100.4779,25.7333],[-100.4783,25.734],[-100.4791,25.735],[-100.4816,25.7354],[-100.4837,25.7365],[-100.488,25.7371],[-100.4919,25.7388],[-100.4954,25.7405],[-100.4988,25.744],[-100.5069,25.75],[-100.5074,25.75],[-100.5088,25.7496],[-100.5094,25.7498],[-100.5098,25.75],[-100.5101,25.7497],[-100.5102,25.7495],[-100.5104,25.7492],[-100.5107,25.7487],[-100.5109,25.7483],[-100.5117,25.7465],[-100.5122,25.7451],[-100.5127,25.7442],[-100.5129,25.7439],[-100.5133,25.7435],[-100.5139,25.743],[-100.5153,25.742],[-100.5155,25.7418],[-100.5181,25.7399],[-100.5193,25.739],[-100.5194,25.7389],[-100.5239,25.7355],[-100.5261,25.7339],[-100.534,25.728],[-100.5347,25.7274],[-100.5354,25.7267],[-100.5398,25.7214],[-100.5404,25.7207],[-100.5406,25.7205],[-100.5464,25.7137],[-100.549,25.7107],[-100.5495,25.7101],[-100.5542,25.7134],[-100.5545,25.7136],[-100.5566,25.7118],[-100.5583,25.7103],[-100.5598,25.709],[-100.5605,25.7084],[-100.5614,25.7074],[-100.5619,25.7066],[-100.5624,25.7057],[-100.5627,25.705],[-100.5633,25.7039],[-100.5636,25.7034],[-100.5643,25.7025],[-100.5655,25.7012],[-100.5658,25.7016],[-100.5664,25.702],[-100.5666,25.7021],[-100.5669,25.7022],[-100.5672,25.7022],[-100.5757,25.7192],[-100.5759,25.7191],[-100.5763,25.7189],[-100.5765,25.7189],[-100.5769,25.719],[-100.5772,25.719],[-100.5775,25.719],[-100.5779,25.7189],[-100.5782,25.7187],[-100.5792,25.7186],[-100.5835,25.72],[-100.5849,25.7193],[-100.5855,25.7194],[-100.5869,25.72],[-100.5872,25.7199],[-100.5876,25.7201],[-100.5878,25.72],[-100.5879,25.72],[-100.5881,25.7201],[-100.589,25.7207],[-100.5893,25.721],[-100.5894,25.7212],[-100.5902,25.7212],[-100.5907,25.7213],[-100.5915,25.7219],[-100.5917,25.722],[-100.5919,25.7221],[-100.5996,25.7151],[-100.5996,25.7149],[-100.5997,25.7148],[-100.5997,25.7146],[-100.5999,25.7145],[-100.6,25.7144],[-100.6005,25.7142],[-100.6011,25.714],[-100.6013,25.714],[-100.6019,25.7138],[-100.6021,25.7137],[-100.6023,25.7137],[-100.6025,25.7138],[-100.6025,25.7136],[-100.6025,25.7044],[-100.6029,25.7044],[-100.6048,25.7041],[-100.6083,25.7033],[-100.6103,25.7029],[-100.6135,25.7022],[-100.6167,25.7015],[-100.6193,25.7009],[-100.6202,25.7006],[-100.6205,25.7005],[-100.621,25.7002],[-100.6224,25.6992],[-100.6239,25.698],[-100.6246,25.6975],[-100.6249,25.6973],[-100.6252,25.6972],[-100.6256,25.697],[-100.626,25.6969],[-100.6263,25.6968],[-100.6264,25.6971],[-100.6276,25.6968],[-100.6278,25.6968],[-100.6321,25.6959],[-100.6351,25.6953],[-100.6423,25.6938],[-100.6435,25.6935],[-100.6447,25.6933],[-100.6453,25.6932],[-100.6454,25.6931],[-100.6456,25.6929],[-100.6458,25.6928],[-100.6462,25.6925],[-100.6467,25.6921],[-100.6473,25.6916],[-100.6477,25.691],[-100.6478,25.6909],[-100.648,25.6907],[-100.6488,25.6896],[-100.6489,25.6895],[-100.6489,25.6894],[-100.649,25.6894],[-100.6501,25.6878],[-100.6532,25.6837],[-100.6695,25.6622],[-100.6757,25.6604],[-100.6846,25.6605],[-100.6957,25.6599],[-100.7056,25.6589],[-100.7087,25.6584],[-100.7088,25.6584],[-100.7091,25.6584],[-100.7091,25.6584],[-100.6999,25.6388],[-100.7234,25.627],[-100.7298,25.6339],[-100.747,25.6355],[-100.7474,25.6355],[-100.7642,25.637],[-100.7657,25.6372],[-100.7745,25.638],[-100.7746,25.638],[-100.7751,25.638],[-100.7753,25.638],[-100.7757,25.6381],[-100.7758,25.6381],[-100.7767,25.6382],[-100.7769,25.6382],[-100.7775,25.6382],[-100.7788,25.6384],[-100.779,25.6384],[-100.7796,25.6384],[-100.7803,25.6385],[-100.7812,25.6386],[-100.7812,25.6386],[-100.7819,25.6389],[-100.7821,25.639],[-100.7824,25.6392],[-100.7824,25.6392],[-100.7834,25.6397],[-100.7831,25.6403],[-100.7831,25.6404],[-100.7804,25.6457],[-100.7878,25.6836],[-100.8037,25.7088],[-100.8056,25.7243],[-100.8239,25.75],[-100.8251,25.7517],[-100.8345,25.7688],[-100.8439,25.7859],[-100.8439,25.7859],[-100.8439,25.7859],[-100.8543,25.8047],[-100.8561,25.8079],[-100.8619,25.8185],[-100.8471,25.8579],[-100.8464,25.8587],[-100.84,25.8619],[-100.8371,25.8638],[-100.8358,25.8666],[-100.834,25.8736],[-100.8324,25.882],[-100.8233,25.9146],[-100.8232,25.9148],[-100.8231,25.9154],[-100.823,25.9155],[-100.8229,25.9159],[-100.8227,25.9169],[-100.8272,25.9205],[-100.8344,25.945],[-100.8297,25.9446],[-100.8259,25.9443],[-100.8243,25.9441],[-100.8183,25.95],[-100.8183,25.9501],[-100.8183,25.9501],[-100.8182,25.9499],[-100.8177,25.9474],[-100.8177,25.9473],[-100.8173,25.9455],[-100.817,25.9442],[-100.8169,25.9437],[-100.8169,25.9436],[-100.8162,25.94],[-100.8158,25.94],[-100.815,25.9403],[-100.8149,25.9403],[-100.775,25.9502],[-100.7539,25.9604],[-100.7374,25.9835],[-100.7239,25.9527]]]]},"properties":{"cveMuni":"19018","nombre":"García"}}]}